SET session_replication_role = 'replica';

TRUNCATE TABLE "api_keys" CASCADE;
TRUNCATE TABLE "borrow_records" CASCADE;
TRUNCATE TABLE "book_requests" CASCADE;
TRUNCATE TABLE "users" CASCADE;
TRUNCATE TABLE "books" CASCADE;
TRUNCATE TABLE "book_titles" CASCADE;
TRUNCATE TABLE "book_categories" CASCADE;
TRUNCATE TABLE "alembic_version" CASCADE;

INSERT INTO "alembic_version" ("version_num") VALUES
('e04d0b8c-7998-4cbe-bd33-16f8566a'),
('1f9eba59-6a6b-414b-a5ce-49a788ae'),
('8916416e-2074-4fd7-837f-ed5ed4eb'),
('b315ad85-c587-4b52-8061-e648d6cc'),
('38a82499-cb0e-43e9-a56b-d80b5f39'),
('151582b7-82bd-46c4-970a-0205601d'),
('7007298a-2ddd-4059-9ff1-d03bd51e'),
('ed7ac302-ef80-4c2f-a245-b35bc77e'),
('2b91bfe7-8084-4160-a8be-665fd5e3'),
('a0257c80-0668-4144-88f2-53f58786'),
('2c565f0d-56e9-4532-8279-72c8ab12'),
('bd660dfc-dd11-43ee-9baa-75f5782e'),
('0a9243ff-ee23-4ad1-b30f-b14f0f7d'),
('75fbaf5a-7efc-44f8-979a-f827d6cc'),
('e2190d02-dba1-4a4d-9d19-bf42f378'),
('298f2419-892b-4546-a619-d0c664c1'),
('a2c92732-5bb8-45c7-98e7-f1d5dede'),
('7044f595-39d7-4772-b4b9-f9be155a'),
('d509c830-fbc3-41d3-ba9f-1adde7b3'),
('dee362b3-7c44-46d0-b469-5e5589f7'),
('b363f5f5-e1c7-4dec-b92f-14d0bd5f'),
('42f3c999-6a27-486b-a4c2-e9aa173d'),
('50fd4432-9a49-48fc-9ee7-0b997fda'),
('d2162a49-db84-48b4-9025-5f64e3b0'),
('0b659406-7dfe-4dfc-b53c-8e0af1dc'),
('139678ec-2806-4d4e-90a4-4db783d9'),
('bbbd0a57-4dc6-4a0d-b76e-0b9e5755'),
('34fa9bb4-74db-44d6-9931-e490347e'),
('e5df1e94-854a-4d98-9c5c-6c39840e'),
('5ebcbaef-5e60-455e-a596-dcf229a5'),
('65618ec8-7f3e-4a1c-b425-f2a2aff7'),
('849d6cb1-8862-4c16-b0fc-c2d2642d'),
('d4fbcf18-2e3a-4822-95c7-70eff7cc'),
('b70f01e4-88a4-4449-b3f1-c915a039'),
('94bd2c20-4903-46fe-8bb6-4f2a6a07'),
('c5cab48b-13c7-4e15-897f-24bf9db8'),
('a6d36f55-bbcb-4f28-abe2-73055268'),
('c5073d75-d6dd-4d85-80c8-957938aa'),
('e46001ab-c528-4bb2-9f0e-5ecdf240'),
('482d7ca1-c5f1-4c0d-9799-f107f61d'),
('af201f08-d9f0-4f84-b7a0-1868f030'),
('e364bb64-eac1-4af0-8614-fb9f51cb'),
('97882288-d026-47db-ade8-5462dfb0'),
('7d6ad2b4-adb7-499f-aacb-42b9caf3'),
('63bf3da8-4c47-48ab-b575-a4c05b21'),
('06b92d66-348e-42a6-b060-413d66e7'),
('365a00cd-ffc1-4b21-9a64-4bd0ba73'),
('c5ac2997-bbc1-4a8d-b12e-6d654d43'),
('d7361c58-62aa-4cba-9098-dede17f6'),
('1076d088-292c-4b9d-9c6c-3f034957'),
('97d1f509-c7e1-48f9-8439-2c5b53b4'),
('00185c5c-2290-465e-aefe-14607c56'),
('4ff7d88c-2dc5-41f0-904c-920a77e9'),
('81abd8bf-3397-4163-afab-994dc8e7'),
('5e860446-1d1a-471c-9ca3-1bf16ba1'),
('02aa55bf-9b40-4fd4-b953-b2a943b0'),
('15e2e7e7-00d1-4136-8e47-8cf3383e'),
('187fa493-bec8-4e0b-b719-5bada096'),
('09377d39-6cf8-4241-9ee2-eae8ce62'),
('fdd31ba5-cde2-4b94-8bc4-fd77ef6a'),
('aa00244e-d4f4-456c-9da1-500348ac'),
('46048f54-28c5-4e96-823b-27bdd592'),
('a233aaa6-efe9-4152-9807-96468733'),
('c97167df-6b7d-47fe-a4bc-2c31c8b5'),
('5acef4fc-e79a-4e2e-8f47-e3ed023d'),
('1a998a5c-a0e3-4807-894f-859f54f5'),
('0df1c1e7-6a74-4571-92ec-f78d52f3'),
('b8430471-66b9-4025-a583-d1b16c87'),
('aed29657-83d1-4243-973f-59edceec'),
('9dcc1a5e-b636-408f-bbad-c0407010'),
('97e3a71d-a751-42be-b077-560d3278'),
('fea2da8a-ccc0-4cd3-9539-7238013a'),
('2f4f7462-1b4f-4c23-a142-148ebf33'),
('79ab80f7-63fc-4100-a3fc-48f909cd'),
('7c2be3fe-1d27-4dd5-8fc2-e042c459'),
('374efe4d-3728-43a2-a38c-0708dff2'),
('99d1a637-705f-4f14-ac6f-9c8b02f6'),
('aa5e524a-bbcc-4f11-9b53-44e7f4b0'),
('7099ff9b-ed22-48df-afb6-cd210832'),
('62ab0c64-e3e5-4e1e-b552-4145bd77'),
('d4ec3022-50af-4507-8959-47b4555c'),
('0888e160-2c28-4ddf-9c35-655478c7'),
('3131aa0f-f112-4278-87a5-e93c2160'),
('d1f936e3-7e2d-41a9-b144-22c32373'),
('f690d9e2-0e81-451f-ad33-d5e1dca8'),
('e1791c60-d551-4087-99bb-4f324e51'),
('496203a1-cf94-40d2-b296-52d2188c'),
('35193b5d-0a76-425c-82b3-42553a7d'),
('1af429e7-d345-4c9b-af52-ff22e444'),
('318c2692-d31e-4a3d-89e6-789de51a'),
('7d992c05-09b9-46a8-8a66-8f2efd56'),
('e75b9405-ac63-42a7-bf6e-2dad35e9'),
('91b9a0f7-b66b-477c-9f81-d234c24a'),
('e7be4c45-f78b-4da2-bd5c-70b7ed7f'),
('baf0df46-d9d0-456d-8bee-e978af00'),
('032c5757-88b2-4c11-ac1c-09d136c3'),
('5c981b6b-be1d-4bde-bc16-d3297432'),
('12a655b0-3fde-4b3f-8c8b-0f908ba7'),
('4669850e-58a9-4a29-9c26-e20b9227'),
('92c449f0-dbaf-461f-8b6e-ec4fa180');


INSERT INTO "api_keys" ("user_id", "api_key_hash", "name", "is_active", "last_used_at", "last_used_ip", "id", "created_at", "updated_at") VALUES
('f47fd7e8-aa0f-4de5-b800-003f3873a7b7', 'affedf4eeDb4fFb4Fbfb6b89d8E87F35207cF91bce28FAE3D00e81bb1FFDAd2b', 'api_key_5', '0', '2024-08-12 22:47:12', '72.162.169.215', 'b0b30228-0173-4a5f-a9b7-72f663097d30', '2024-03-19 17:35:17', '2024-03-28 09:39:34'),
('48d597a9-e40a-4f3f-a207-303078e3a305', 'F1AeeA5fc71042ebCF3bee4C6Db9BE5FD761299CfE63d840f46dadaabAFfFEfA', 'api_key_8', '0', '2024-09-26 17:02:06', '255.136.33.127', '4ceafc22-e8d9-4b15-86d0-ebe8aebd9abe', '2024-03-19 17:44:15', '2024-03-25 16:37:15'),
('a4758581-cdb3-45c7-afcf-d69e3e207a39', '5C1CEbA51CAC9bdfb22CCdE7b46AAa7Cc77d1F80EFBB4afae47dBcceAADFEc6B', 'api_key_7', '1', '2024-06-19 21:46:00', '149.171.33.42', 'cec51b43-1452-43e5-970d-9aa22c59fae8', '2024-03-19 17:46:00', '2024-03-25 20:04:37'),
('c239f20a-2903-4c08-8c0e-aaab1ae6d324', 'dB29b4056Bad1FB2ED54Cd9cF2fD8CEAFe265FCae8f8ecF45A89aB761cD7b0A9', 'api_key_5', '1', '2024-10-01 16:02:07', '170.58.247.173', 'f8384e26-17f1-4b8a-87d7-4a8d194038bc', '2024-03-19 17:53:16', '2024-03-25 02:54:50'),
('3ec73145-990b-4d57-9553-4d449d70bf5a', '95faA198c8C3aDaDc7FA128F3abc8c77a3FB942fDfaAEfC76C6cdCfBc3Bfa6EA', 'api_key_10', '0', '2024-11-27 10:24:58', '121.251.251.228', '720e5eee-4e22-4c9f-8a9b-da95e6361e6d', '2024-03-19 17:55:37', '2024-03-23 06:30:50'),
('81588a14-8069-4a1c-b38b-d84b3cd99e09', 'f5edeFBE4A648AbA5cA52eB2cFc4dc0afEFA52bd5c31cdC35EbE6D3BEab3B2C5', 'api_key_6', '0', '2024-05-14 22:55:54', '2.133.70.132', 'ed0d6369-f262-49ff-990f-e88d07bf4c62', '2024-03-19 18:00:49', '2024-03-26 10:19:44'),
('e04e6afe-2e84-4005-b3fa-16dd91916c38', 'aFfaCAed39bcfFA71025BaCffCC9FAD06CB195fbbB0dfF6e6EECF9AECBc2CcC8', 'api_key_3', '1', '2024-08-04 21:59:04', '107.215.235.83', 'dcc33dd8-5475-49de-a6cf-46c6d692513a', '2024-03-19 18:05:54', '2024-03-24 19:18:43'),
('e9785217-97b1-4cb1-9254-83b79f048875', 'fbafD3BcFBAD67EfE5492A7F0FEc9cd43fC4F4ead6Feca355BcB4d8fABdCfC0f', 'api_key_7', '1', '2024-10-02 05:48:19', '147.26.1.36', '22b7bb1e-0bdb-40ef-8be7-07f4e719a67d', '2024-03-19 18:11:44', '2024-03-24 22:10:42'),
('4b49c9e8-36e6-448c-9570-4f5c503b754b', 'A6CFd3CefFCdD2CFaDd1DA96A7dd4dEdBf1EEcA8DdCeaB98dFEc9F89B935F3eC', 'api_key_7', '1', '2024-10-04 00:54:34', '135.73.129.164', 'b8e30b9b-51b9-48f6-8945-317affebf20e', '2024-03-19 18:20:19', '2024-03-25 07:41:15'),
('1b11dab9-b342-43f9-9c5e-3da45b45d675', 'fcaDcCFC3C90fCAc00BEaBfdb39B0ACDbBD1F70c578a89cbEBFBaFA0BdFC2aCC', 'api_key_8', '0', '2024-11-23 14:27:58', '22.85.231.202', '260adf50-4645-4dd6-93f7-0449d8fad496', '2024-03-19 18:24:40', '2024-03-20 16:55:00'),
('4b979819-8255-44da-85fd-77e94ef5609e', '0aa95f0b1ccFD7dC6F1D59AE0cC4CeafC6FFebaaad9da2Da7B0DAc7f6dfbB02F', 'api_key_1', '0', '2024-04-23 20:20:19', '167.207.47.253', '5e00d401-e464-4c52-ab9c-27753440aa17', '2024-03-19 18:26:25', '2024-03-21 09:46:06'),
('0fc99af0-0dea-4734-838e-700a8f09d201', 'F6beB4dfBECe56a24a50e3f86419be0c7D4cfaDCbd5acfEDE7A8fdBbc0Aa80aA', 'api_key_6', '1', '2025-01-19 01:53:29', '8.61.171.113', '945157ab-bd97-42e2-b38c-68d2cd86797d', '2024-03-19 18:32:00', '2024-03-23 09:03:36'),
('b1abb257-3b52-4d5e-b1ae-504185d80497', '85FFBA73cdC500e6EBAd1ebCbc1C8Ed2cD9d33fFFDE2bcfb6cDEAeBDbd0cbfaA', 'api_key_3', '1', '2024-12-10 18:03:23', '80.55.169.247', 'e7da88c4-8f3a-4da4-b9b7-bd3b2569740a', '2024-03-19 18:35:37', '2024-03-24 21:32:09'),
('481303e0-a2a4-443c-9b37-d8c5662a3c28', 'B0D3d0dAf039c85a8b3abaeBcC87DF5FFeBaBbeDfEcBd9aAF94ec43C9Bb2F4Ce', 'api_key_10', '0', '2024-07-03 15:43:32', '166.89.18.92', '3c1f8ba4-9ecc-4a87-9a7c-1aa56c79632f', '2024-03-19 18:40:35', '2024-03-25 07:23:13'),
('1e4cea5c-95b0-4b6b-9417-d6fbc8ed152e', 'CbafDF44562BeDa7f790BeBE635Deed1D6feebBd0AaAB2BeCc8dd4DFADd9881D', 'api_key_1', '1', '2024-08-27 21:26:37', '26.28.208.12', 'b6b0c828-f106-41e5-bf14-eda7fa88e987', '2024-03-19 18:47:13', '2024-03-26 00:45:17'),
('17bac10e-6e35-4890-b2f2-9e0d76fddb38', 'Ef0aFDDdabD766C3c3eEd0BDa37fFbDBfAcafcecdAC2a9D3edBadb17caf99afb', 'api_key_5', '1', '2024-12-29 01:50:34', '160.37.249.238', '4f5767d1-13cc-4c80-9f09-6d6177a25241', '2024-03-19 18:57:06', '2024-03-22 11:34:43'),
('e482f116-8039-47c9-91df-1f201c89c1ce', '0cbCfac7Ac068b9eDcbCa6C0DC11DDdeA2aFEc9dbAAeEbeFA7E05AaCe3e8aAbF', 'api_key_6', '1', '2024-12-02 15:14:07', '2.117.84.54', '8ecdc58a-6ea2-4adb-a295-5494a6627c98', '2024-03-19 19:02:32', '2024-03-21 19:13:42'),
('e740df4b-3187-44bb-ac25-c2285df85d40', '5b7EFc2BdfeCfEdBaBAebDcdDfaC4eAfbBFCbbbA799fAB4233Bf3919f0ccb3ED', 'api_key_10', '0', '2024-11-24 21:51:00', '109.177.140.254', 'cfff68a6-73bc-46c0-8b6f-71b7a586f97b', '2024-03-19 19:05:24', '2024-03-24 08:57:31'),
('bc530019-654a-4aa2-80de-d6ae1eea9daf', 'Ced3E3a3b767F63e522b7AA3b1cEfEFcB1e9b42Cfe7a2Caf9FDb26FFbdF41AbB', 'api_key_3', '1', '2024-09-23 00:54:28', '196.199.124.133', 'bafa11ee-b5ac-45e4-99c0-a094d15765ae', '2024-03-19 19:11:02', '2024-03-25 04:35:43'),
('c22a8ad5-ac92-49f4-bf58-2e1fe7f0134f', 'A5533fC0Bbbf9Bab17dd215Cd3dDDCDb9Eeee5FaB36b7B427C6e38aF5AfddC98', 'api_key_7', '1', '2025-02-26 22:19:26', '39.179.136.45', '0ccd5d77-4604-42fb-9403-3af81c9756e3', '2024-03-19 19:13:49', '2024-03-25 14:40:02'),
('8403aeee-a1eb-46fb-92cf-a4c4b508cfbd', '9c099d921aa5bE1df5F9fa21Aa4f1aC7b3a89Bdc79aEFD4CEE5eF2eee7EDA6bE', 'api_key_7', '1', '2024-12-06 05:36:25', '34.19.126.8', '185bced6-517b-4fac-bc06-98656f0b012f', '2024-03-19 19:19:36', '2024-03-24 18:30:11'),
('4704c92b-8ba1-429c-b5c6-c4d61fbd8ef8', '6F0AB9A96FbbEcad3eFbd65CDfEecFDaFFf7FF0E9Ae0E562d01f90FB1cD64e4B', 'api_key_5', '0', '2024-05-12 19:19:05', '217.78.111.197', '3e46be01-9376-4acd-8e63-12279bf5a3c6', '2024-03-19 19:27:10', '2024-03-29 01:12:08'),
('e152ec1d-0fd0-4d5a-8117-f4a46ea0bc01', '9BcDA4EDdbf8DdBaeC7D9dEe2c3042Cca76cc5BA9ad6bA7FEf9e89b2Df75DeDD', 'api_key_3', '0', '2025-02-11 03:28:49', '6.193.36.239', '43de641b-997c-461e-ba26-837a7d2c8b8f', '2024-03-19 19:32:43', '2024-03-24 16:48:01'),
('f825af41-9429-4a4c-8f7f-5256b00b1a3a', 'Fcf1A5F6ebEb57AbaEfc65bedBF2Ffe5c3ac44fEBFEE44EDABE7e9a3D3B1dff1', 'api_key_7', '1', '2025-03-17 02:48:04', '95.218.11.78', 'cdef0478-ed36-487c-90de-68616e4c1176', '2024-03-19 19:35:53', '2024-03-27 09:39:42'),
('f273b0f0-61e3-4c89-b476-e79c2f904dec', '2EeD1Ed3aCaFb5Aad2b691fea2FbEEBfd44aEabdBc03B8dEE70a03B6Ed7c0cB5', 'api_key_6', '1', '2024-03-27 14:29:39', '109.28.86.105', '73f0b34a-0254-4fff-a835-a287e3f3c7fc', '2024-03-19 19:40:03', '2024-03-28 11:19:38'),
('b81b0461-b3df-4246-8e31-2887e8c94512', 'FBc7520CE1418ADFb2Adb8ebB3F8cA6bEe0ECfEba3ec6fB2dEEc7aba8FC7dd08', 'api_key_7', '0', '2024-03-22 18:59:20', '233.205.134.158', '83a1c95d-0ab2-4685-91b9-80ff626e91b0', '2024-03-19 19:47:48', '2024-03-26 23:40:37'),
('9743edaf-14f6-48a3-b075-cc4072fb6d6a', 'aaE3EFBecFcC3FE14eceDc0f8e51bc85B0c216A2ea8FfcfaaEbbA9c8d5dC0bc5', 'api_key_5', '1', '2024-04-10 23:25:40', '19.216.165.107', '12169cfd-3847-4c28-b7f8-ec72bf884670', '2024-03-19 19:56:43', '2024-03-23 10:12:10'),
('1ee73346-c0cb-4c30-b3c9-0bd92eb7d4aa', '9D6CfD1bE6cAfaCBfDaAc01Cf21C4AAb881D1EA7CBB6Afe8a90aF19DFEc6dFac', 'api_key_4', '1', '2025-02-18 04:04:24', '43.166.65.212', '9b84ae4d-cc56-4e00-a065-8223c4ebac7d', '2024-03-19 20:02:26', '2024-03-22 17:55:44'),
('9bcfa82d-b1ab-410b-8faa-8dcc695863b7', 'caf1c5eEFC3eAc4dB67DefcD1eAAA2FCFDED9aeE80BbfE886E4ED4a5B0AeEFBE', 'api_key_10', '0', '2024-03-26 13:18:02', '170.128.12.235', 'bc1325df-cf04-4ab0-831d-a86ed463c1c2', '2024-03-19 20:03:29', '2024-03-20 23:50:28'),
('4ac6f57f-d405-4869-9584-4fbe2b088237', '872dBd7EbA9AbBb5A831bC3bc6dbaBfFBdca601eDacADcecC0afD344FcE8D44f', 'api_key_5', '0', '2024-10-24 05:13:56', '6.236.183.237', '42216dba-a127-47a5-bf20-6bf0123e0d56', '2024-03-19 20:05:12', '2024-03-22 01:20:00'),
('1c3aa02a-a714-45f4-aa5e-ed22c4f537fb', 'B1F8BdfbABbbaDD7eD59ed4D8FAbcbdBbBD9aa54BbAb30E4fB1caACfFDAFacC7', 'api_key_3', '1', '2024-07-02 02:05:25', '16.55.159.100', '31df0645-a191-41b8-8564-4686ab2d0178', '2024-03-19 20:12:26', '2024-03-25 08:15:01'),
('d20b7935-1ff3-44d7-bc78-154cbc28c088', 'bB83eff3Dc35b4DefEaBBa6bfDF7acFE6fC4daCAA10ceB4a4B70Ba0DcdEEeACB', 'api_key_4', '1', '2024-10-26 06:31:27', '188.49.113.72', '5a1d9beb-07af-4edb-ba06-a5bbb7d6663a', '2024-03-19 20:17:00', '2024-03-23 21:46:49'),
('9060e79c-ec95-46cd-87a4-9f9a96c04ca9', 'eFaeEFFb4FecFcd6CBc5C9F644a7DCba0DdDCcD0a63AbdC1cA5FF3CeBa0E9BFb', 'api_key_7', '1', '2024-09-20 16:56:00', '32.38.226.181', 'a44e4c51-ec33-4694-8a40-a8b35825b7f3', '2024-03-19 20:25:00', '2024-03-21 01:54:07'),
('64e94ba9-574b-419f-9b5f-d7d9987cac12', 'B91C5cef5Ee1D4D93d9a63F99f05986eECCDfa4bdAafFddFFEBeCaeEd6A2Fd2F', 'api_key_9', '0', '2025-03-06 07:16:21', '157.38.190.125', 'fabb52c1-1f19-4285-8d68-8a7e856d2001', '2024-03-19 20:32:35', '2024-03-26 10:32:07'),
('bf3e7994-042f-46d0-9bce-151d171de019', 'bAF5b720D59E62BAecfD1bAD2D7F87dFca41Cb97dE27B4aaD39eB8Bf940ebFAc', 'api_key_10', '1', '2025-01-14 14:25:24', '218.203.138.219', '8cc9c759-d30c-4f5b-a3ae-ab2e99ecaddd', '2024-03-19 20:35:45', '2024-03-22 12:50:49'),
('da32244c-d84b-4611-ab0b-7b2c0d76684e', 'B2F9EaF1EB6ae3bad6abdfc437b9fCd0A8ffcFf4a0cBF3AeedB9FF76F46C5AE8', 'api_key_3', '0', '2024-08-07 19:45:58', '117.108.1.2', '3b3527aa-7eec-438f-b383-f6f80fcd2168', '2024-03-19 20:40:54', '2024-03-27 05:32:40'),
('e30f36e1-237d-41a6-8bcf-23a1761bab25', 'CBAdd3bCbcfBbfE6cAcDd5CffA36a9aE0D5ED65BbceaaDCAA9dDF8dadcB48d85', 'api_key_10', '1', '2024-09-07 01:33:19', '25.138.194.237', '82f16bee-f632-4727-bf40-075170d0e93d', '2024-03-19 20:49:03', '2024-03-20 08:46:34'),
('407924b0-5a6d-4304-84e2-c689f91376eb', 'C472CC953EBEAbD276AD8A7885Adfa50eDBa47D175d0CBcE7BAe898dbfFdcEBb', 'api_key_2', '1', '2024-04-08 10:07:03', '83.161.94.46', '48858804-5b98-41ff-99c5-909d04863610', '2024-03-19 20:55:19', '2024-03-21 22:26:03'),
('2882e728-b5d3-4a57-8f63-517545649969', 'EfCCccAabFdeEf6Bb5320eb0cBEF1BabaEbBbdacC575CefF1CA9fce52aB6323b', 'api_key_10', '0', '2024-04-14 03:06:49', '178.217.65.190', '0e4091ad-2254-4d3c-b476-d2d673f9683c', '2024-03-19 21:05:11', '2024-03-21 21:58:57'),
('ef2f4dd1-96d4-4e27-93bc-0cedbe100e3e', 'dfDecEdDBf21ceBeeFAd1Acce6E3Eb5BaD021ddaa0eBF668fd6ad02d4febbdC2', 'api_key_6', '1', '2024-10-03 09:49:00', '63.100.135.55', 'efd5cf2e-8f14-4d73-a942-3fa3f86c8aad', '2024-03-19 21:08:45', '2024-03-24 11:05:12'),
('fe80b40a-5587-4b89-befe-069693141f2c', 'D4ECBefE9aBFFDEef5B9fEfBCcAE3FdBAcca36CD5F16cF5FDcD8153CBEfbc47D', 'api_key_1', '1', '2024-04-02 09:34:23', '98.68.129.134', 'f9adf532-eae8-4828-896f-0df418b251e6', '2024-03-19 21:18:41', '2024-03-26 06:12:36'),
('95493d03-96ec-439b-9764-a7f1529c31fa', 'bbcd54b45EDb85F9Dc58e5e96CFCCde7eAFa6FCB4dBa4115DeDAdbBfaAe0E5ae', 'api_key_6', '0', '2024-12-02 18:47:21', '160.83.248.44', '6940373d-1a52-4db1-b1f7-eba1d8f55b5a', '2024-03-19 21:27:05', '2024-03-29 11:14:40'),
('cf0095e9-3304-44fc-8eba-e20d746ece4c', '8b5EE75C0f73016aCfDD3ecBCCDdbdCd5c83E1F10ddaB2FCFF96DE543bA5eFa0', 'api_key_8', '1', '2024-11-25 03:57:41', '9.155.252.238', 'a987720d-0d5e-4bdb-8ac8-54beca0d1140', '2024-03-19 21:32:14', '2024-03-26 15:44:57'),
('49b279e3-684b-42f4-bfaa-69a6c4aad311', 'a3BbB7Ae7AEC2DBeE6387D97eeeC3Ebe9CcefCb0DdfF6Fe3bDDe4FdadA573EFD', 'api_key_9', '1', '2024-10-04 03:12:26', '129.218.19.143', '738cb977-1f2a-4cec-80e9-3b68b82a90e5', '2024-03-19 21:33:14', '2024-03-29 03:06:28'),
('e9fc2584-3e9d-40eb-9f3a-2657d6f2c514', 'A29dEEBadB2BbBe2DaCAA3AF8CDACEACbdd5daf1dDE6A81ccaEAEbEe0dEdCa1F', 'api_key_7', '1', '2024-07-30 14:29:56', '71.33.244.108', '04826f38-16bf-474c-9fd4-8d19460f44cd', '2024-03-19 21:34:22', '2024-03-27 13:31:25'),
('5b3a417b-110e-4320-b64a-41b5f7fdb8e5', 'Bdc7fAE78a3bA049ef74BAeaC95a76fB417dcb0EaD4aA622dA64B0BFc18c056B', 'api_key_4', '1', '2024-04-15 08:23:19', '108.57.105.233', 'f035c71d-4114-4bd7-b479-212a60e00658', '2024-03-19 21:38:57', '2024-03-22 09:04:22'),
('a05cb6be-c28e-4a95-96d0-c321ea3042c9', 'eBDEcea0e0E2AEafdD0eeFFCA83eaBaf8d7AA1A2Dc9fdeCf9D3DDDCfEe4afAbE', 'api_key_5', '0', '2024-10-19 03:54:39', '151.88.195.197', '71d17107-2702-4289-8df1-b32f5fbfd01e', '2024-03-19 21:40:29', '2024-03-23 16:36:37'),
('cf21e224-6793-4be0-bd3f-ef7dcaa38533', 'Ef9eC05FE873D1f4E1fda1AcD8Ab8AfFacbcF7c9BfFF51ccCcfee1CCCc7BECaF', 'api_key_8', '1', '2024-03-22 20:03:53', '207.248.79.244', 'b7b73d74-847e-473b-bff4-6d6bf45364e1', '2024-03-19 21:48:43', '2024-03-25 23:49:31'),
('90957c5b-3e2a-4cb2-a573-32c7b7b12563', '5aBFceceFa6Ccb5facefA8CB4e3ceDdFa020E65af7fafC9cB490ad4827a0C857', 'api_key_5', '0', '2024-05-04 05:33:57', '14.228.17.153', '23dbd8a8-e18d-46c5-abc5-a32644d940ee', '2024-03-19 21:50:06', '2024-03-21 01:53:35'),
('f9059e4c-bbec-4a18-b277-c52c0e0b6212', 'ac0bdDf0FE4Cad701E4B0a9c3f93Caa71d300E1CA4Ea61aEb671706B4aEfaD7C', 'api_key_9', '1', '2025-01-19 04:31:14', '236.197.135.74', '433712a1-197c-4cd7-a227-7be344d4a46d', '2024-03-19 21:57:43', '2024-03-23 17:08:22'),
('d88a52d0-5042-4787-909d-d34b6bf468d1', '7F8bDBFA6ACaefd4B7a5f9a97BfFef97acAcfBaC73A2dCac284f54cCB7a13Eba', 'api_key_1', '0', '2024-09-28 01:01:36', '62.27.92.234', '5dd1e16c-969a-4887-adec-a78784d59fec', '2024-03-19 22:01:15', '2024-03-26 10:51:01'),
('08512181-5d2f-43b2-931f-79e8185aa863', 'EFdd57fF1F4BEaeC01fBBda3ffA9dE2EcAdFBf4DF74bfEfc5Ba02D4F8dDA5E7a', 'api_key_8', '1', '2024-05-04 02:53:59', '4.173.205.212', '61290cd7-f283-4668-ab71-48cb68fa3b89', '2024-03-19 22:03:24', '2024-03-29 20:30:31'),
('d7a4111b-ef1a-47c4-bf48-466f529f4d43', '2bFEFc2F2cdB0f1cef3df48C0A1eceA10be9cdAfc0D0EbAeD5D7fe5eeCC4Ae8a', 'api_key_2', '0', '2024-09-07 04:26:14', '48.38.62.233', 'cd325559-cb60-4649-82fa-84892658fd1b', '2024-03-19 22:10:54', '2024-03-22 04:56:11'),
('210ef50d-3b93-469a-8119-ce6528be9726', 'dF6abBf6E9fed9ABdc81DA23a5dc73d3Df0Ad1FCEaFaeFBAD801BFBE7EDCFE30', 'api_key_9', '1', '2024-07-14 12:08:11', '165.208.59.153', 'e901dc37-f392-477b-808c-8c393d4cacd8', '2024-03-19 22:11:59', '2024-03-23 17:18:39'),
('a8cf1ac6-24e0-425e-81a2-6597b6117887', '6d4bF6BEAEFddf4bCf3E8afdFEe7eDDE7B686fb45F1ede0DcAeBc8d4fEbCBcF8', 'api_key_2', '0', '2024-05-18 09:27:53', '244.30.231.52', 'e31ccef2-9476-401e-93e8-c308032df3d9', '2024-03-19 22:21:04', '2024-03-24 01:58:46'),
('54e7e0db-2589-4411-9c69-e7f7aeb14219', 'ACadCCDfB11CbED45AfF019cadEBAf6DEACD103BdEdFBc77FCFFccEDCeAFE0Fb', 'api_key_7', '0', '2025-03-08 04:24:17', '35.163.73.120', 'ed786a3b-63cd-418a-90ee-b885a3c5e29d', '2024-03-19 22:23:52', '2024-03-25 07:50:52'),
('02a6c349-dd99-4d03-8b3b-b3e86986756a', '86dcE6a9932AafAF81d7Cedd2EBBB79eefB6ad4Fb28Eb2FDDB30EA7C978aa353', 'api_key_5', '1', '2024-12-27 05:24:23', '250.145.108.96', '6a0b4282-e3b0-4bf6-82b5-30a1907f8a8e', '2024-03-19 22:29:43', '2024-03-23 01:54:41'),
('27434347-bce0-4721-a999-36cdc1576caf', '3Dfdb328AF5e337EcB7A5Df0bD4CF4b43a5e4ef39fb6D1BC6Dfb7b0Bc6deaCC4', 'api_key_8', '0', '2024-12-03 05:24:14', '129.57.126.188', '4a3d7a11-d60b-4fab-bee0-bae55d661f15', '2024-03-19 22:34:57', '2024-03-20 23:37:40'),
('c4b6a486-d998-4cd7-a407-98c5bea6a9cc', '9f8D81486C5faa4bf5EbbFEbECe9c6993fDdf1cAEc1ddFfcA3f0AAbb7bce2dB6', 'api_key_7', '1', '2024-07-07 00:03:16', '231.128.219.173', '15567e5a-bfb8-4287-9b05-de28b02fe6a9', '2024-03-19 22:39:15', '2024-03-29 13:45:56'),
('4e33e709-c0a6-4c2c-bd99-82686b36ac40', '6AedFa01dF5C5C9eEF11eCbF0BDfF1cDbAFffEEFf1ab7b4acBbA158EF32469C7', 'api_key_2', '0', '2024-05-31 17:55:41', '19.88.13.155', 'cafe2ed3-d513-4a4f-922e-f55b623d2236', '2024-03-19 22:46:29', '2024-03-22 06:31:16'),
('a1a41ea4-6db5-4a55-b968-f86a67a44d34', 'aefCD2BCF7C3dd743aeb45CFBBbC3afbeEbf59CDc3CdAdc6fd3bcAFe7Ecc6D69', 'api_key_1', '1', '2024-04-05 19:31:33', '87.121.130.188', '1c89f7b9-317c-4c90-957c-1fc4dcbbcfa3', '2024-03-19 22:49:02', '2024-03-28 22:19:28'),
('3b524143-4db2-4032-a09c-f27e116d9b0a', 'f6D8d7A3c4F1313a1dfBDce7f3eEf0a2d7d87BD35FFF4A4ABFCE0FFc38D4D8Bd', 'api_key_9', '1', '2024-07-31 05:52:57', '215.225.25.211', '823ef58b-f0a6-49aa-8843-94e0afcd8622', '2024-03-19 22:57:32', '2024-03-22 04:18:34'),
('22dd65da-0b44-4fa9-b0ac-8084bf373a87', 'EcEaDBdf68bdc21cAACCeE17fC0a0EDaCef2dA1703eaFFAdaaD0AC25420cf6CB', 'api_key_3', '0', '2024-09-23 21:41:39', '226.41.116.118', 'e5ef343c-236f-4870-af7c-1e3b2c09095e', '2024-03-19 23:03:16', '2024-03-21 11:15:33'),
('f4a5b9c4-f293-4cdb-9486-cdd87d440c42', '5dFBc3Ec9fc3B2ddd5FeaF4AFBb877caDCe3c8B2b0dAAd7a82BBdddbf0deAc9a', 'api_key_10', '0', '2024-07-05 04:57:50', '131.104.155.95', 'c112aded-bbcc-434d-b056-557892e2262a', '2024-03-19 23:06:15', '2024-03-28 00:50:14'),
('ee7b3444-97be-4a7c-8d2f-bbfb89a85429', 'CAdEe0eD7d3cbBa8ed00AdDFFdfbfdEDbcEacEdABcdA77AdAFFCB87FAaea3Aae', 'api_key_8', '0', '2024-10-10 15:36:08', '131.142.225.166', '6d5c1fb2-31fe-4e24-9981-49bbdc355e2a', '2024-03-19 23:14:35', '2024-03-29 18:18:02'),
('b08bb138-d5e9-4872-a8fc-5061273ef627', 'BfCaEff46F3cCae92B4A6F3bcA6DebBA3A379d24d3ca0AF5ddd8F9cD13f343Cc', 'api_key_6', '0', '2024-11-24 16:33:26', '226.165.137.44', '332ce7b5-7a40-42a5-bef8-0eee8d3df7ac', '2024-03-19 23:18:56', '2024-03-27 10:24:11'),
('ef0eb5ca-c908-465d-a39d-5a07198496bb', 'c51F96Cd6fAD8AA6f92eeE7A4bbFDfbDfcd4CDFEDAc6D3eD384D5e0fff58aD4D', 'api_key_2', '1', '2024-08-15 12:48:04', '56.37.197.138', 'ff2ba9cf-2d0c-4fa9-9228-0529fd174ec2', '2024-03-19 23:24:15', '2024-03-24 23:08:21'),
('2f83026d-ef91-490f-843f-61c3d29e345c', 'de69cFB4963B3aece1eb8095D9eB4ebB29FC1cc6a5EeaDCEaF8dA178F7de5fA2', 'api_key_3', '0', '2024-08-02 20:45:24', '76.7.211.13', '21f45215-ea45-4d01-9b95-dc354b4b4b24', '2024-03-19 23:33:09', '2024-03-22 15:29:02'),
('2e23993a-eb65-48c1-a19a-ba599791c496', '4A5Afc2dacd2fEAb0eE6786dA30ACacd5AEbe37F7Fdf1eB6fABca9e7f5B5b3E1', 'api_key_4', '1', '2024-11-08 03:38:32', '7.70.9.245', '436e3247-43da-4e88-a203-75676a13a9f3', '2024-03-19 23:41:19', '2024-03-26 16:46:56'),
('733edaa6-ce57-4d80-8d97-2125b137821f', 'FC50FEa5F8dBCDc0F9fae9426FCDE3b11ADB8Ca1FE406Ca5E3bAbD8fDba3ec0b', 'api_key_4', '0', '2024-07-11 01:55:10', '95.208.164.90', '7639f09a-3145-411f-b25e-e2dd139ba52d', '2024-03-19 23:47:44', '2024-03-20 23:59:55'),
('3364169f-6c79-4324-b4ef-e0cbda781675', 'dac6EC213546Fd5B94DCAADeDADFee0DD5ecE6c5ec8d8912c9aAd131decf7D4A', 'api_key_5', '1', '2024-08-31 13:21:50', '66.181.110.70', '57e16502-aa8a-4269-9930-e46b17e03645', '2024-03-19 23:48:46', '2024-03-25 08:54:56'),
('06ab5c68-8500-4538-97d8-1acd155ae77d', 'afFEA5Ca72E4C66Edd1eC5BB3Da2fc5bBC55f5b1baC13bdECe7F250Efb0C70d1', 'api_key_6', '0', '2024-06-22 04:45:46', '155.51.106.113', '157aa71c-1e81-47ad-9754-776c62cd08c2', '2024-03-19 23:51:31', '2024-03-25 17:43:03'),
('f7f23d29-efeb-4f07-8035-0d606001c1f0', '05bBbAaf502eAf4D34eEcEF40D2eA2DcBE3a9A4cfcDaDCCfB09B2B0fA1f0Ccec', 'api_key_7', '0', '2024-10-05 10:05:05', '167.35.240.145', '211e8ab1-1f50-46d6-a1ff-642e6d921620', '2024-03-20 00:00:19', '2024-03-21 22:13:57'),
('fe3c523c-ad81-4051-9794-86ee1f6cc9b9', 'f1Ad3FACCDBceC6bf31eD09aeeb95aCeE57BF74f7a1b71DAfA6163FCcB8E6A61', 'api_key_4', '1', '2024-07-29 03:02:10', '65.102.149.238', 'b179b021-fd9d-4c32-9135-fa1bbf4c8f49', '2024-03-20 00:09:21', '2024-03-27 09:50:56'),
('1a126c74-0695-482d-afe7-41e9e0901048', '7cf72daeF70eAdFBE3D978EcEeE6eDfdd5D3c6477c6bdBDf62ECCFfcCab86eCc', 'api_key_1', '0', '2024-11-08 10:04:41', '108.238.160.213', '89ae0bb7-4185-41b2-ae5b-6743d157f025', '2024-03-20 00:11:00', '2024-03-28 14:03:38'),
('8759f868-c13d-4676-80db-2a540524fc60', '0CfAfCA3114ba84BcAebD6bb30Cce1FffAEb824C0AdC860f7BFC0Bf75CBA3dcD', 'api_key_4', '1', '2025-02-03 06:15:37', '120.69.5.29', 'c627ebc1-0a0a-4ddf-8bc6-cd2556b77f6f', '2024-03-20 00:15:54', '2024-03-23 16:19:59'),
('8584cfde-b0ab-44c8-ac8b-fcaeb8264a03', 'de8b207dcbdBEdfB3dC17C7dB0B11d144ECDef5aFEDBBfD09AFcCAD650df20Ff', 'api_key_1', '1', '2024-10-05 18:36:42', '143.136.190.219', 'd84db4ab-23b3-4bbd-b8a9-44fe9a89524c', '2024-03-20 00:17:59', '2024-03-27 16:42:33'),
('2be62536-deda-4f64-a0a5-134c23572023', 'e4C18AA92FC70464de0cad1d3CAbfe735Afc4AEf4C58beeCe9af7DfDee21dfD4', 'api_key_8', '1', '2024-06-04 12:26:59', '53.172.121.252', '4faf2831-1584-4945-8284-7cd972f8aee7', '2024-03-20 00:24:07', '2024-03-29 00:16:06'),
('2c9f574b-9cd1-42de-a773-a75a6620d137', '4F00eD6dd8Ee4ecE0ca1C4314CEF2EcEbEFefdF69e8aCAcDedf17A7DaFE92ff2', 'api_key_4', '0', '2025-01-03 13:45:00', '3.227.40.148', 'b35f73bb-2d1a-4307-99c9-68c62f31f8c1', '2024-03-20 00:25:54', '2024-03-28 20:52:29'),
('1b8f9f74-ec3c-49f2-bf99-f54a0c7ebb98', '7BceCBCB4bB6DCff4f30da173bbBc9cAFfD75b3ABADe8deb2782f4eCd86dD52a', 'api_key_2', '1', '2024-12-03 21:57:26', '77.87.24.253', 'bf9210a9-5bf7-4249-b1eb-c4615a08758d', '2024-03-20 00:28:45', '2024-03-29 13:23:01'),
('ed8bbd4b-cf9b-4da9-a282-1c6566d2cba1', '7E3AB43cDFEef17dDEeacf72f04caD5DAb61EEcd0FafeBD2c7cc0E22aaAD74Dd', 'api_key_2', '1', '2025-01-22 22:24:06', '209.135.111.165', '37680b2b-4d8b-447a-8063-b33b4b632c7a', '2024-03-20 00:37:35', '2024-03-23 09:29:24'),
('d23a236e-89dc-474b-9b3e-ee2f545934bd', '6EBa201a577c7f6EAE329c4B02EA11A6EcE1F7E6eea7be11f3DfDbEa1BFEd0d1', 'api_key_6', '1', '2025-02-22 11:31:17', '197.0.30.13', '3343ff62-5c31-47ce-b388-190c9518c872', '2024-03-20 00:47:29', '2024-03-25 01:37:58'),
('87585bfa-7e41-4aed-8e7b-20688e255532', 'FfE91c9ecBfbB2B4eaeEa97Be42af892dA66E7b6d9ca8eaEdAf9dcDEEacDD81c', 'api_key_2', '1', '2024-04-01 06:58:12', '54.2.193.48', '2da62727-19cb-4806-8188-37e082ac8913', '2024-03-20 00:48:37', '2024-03-26 01:02:10'),
('bba81286-3f9e-4348-bfbf-da1b36755486', 'DFf1DCADfC52FDAf50F785c1C6eb488f2BAE5Ff694Ea7C6aFEf6De43EF1ceB1D', 'api_key_1', '0', '2024-04-16 08:31:22', '195.249.180.236', '24f0fe4f-5481-4898-85a5-189be0d753ac', '2024-03-20 00:57:42', '2024-03-24 21:58:41'),
('99e1a736-9c34-4d1b-b56e-74fb6df14cd0', '72ecF3aa7D0fee6F84fc758AB8edA4DF7AA0dEeB5A1c1adfd9AF60dDBA83ba0c', 'api_key_7', '0', '2024-05-25 02:07:29', '253.80.153.81', '4081f0b0-06b7-46e8-a47a-f6e8edf968d6', '2024-03-20 01:02:27', '2024-03-20 18:17:49'),
('01118afb-f458-4749-b100-449c1271d087', 'AbEcA4fD6EC9Cfa19bcb4D69beBb3f6ad20DDb9Bbb0f76ADfB8C126DE555cA0B', 'api_key_1', '1', '2025-01-02 23:58:26', '222.106.185.208', 'e3efbff8-2df6-49b8-ada0-b14636b6a6e5', '2024-03-20 01:10:11', '2024-03-23 20:32:41'),
('63684d01-33c5-4dcd-a484-2f736bb64e8a', '9ef6F61E09a1c6AdfBAeAdB1ecE8BFEEBFACfAFbDaEaCFF627aAcB25fCdBdcDB', 'api_key_1', '1', '2025-01-27 18:09:14', '240.28.134.165', 'a80d51f0-0c84-4d01-b7b7-8ba3beab92c8', '2024-03-20 01:19:00', '2024-03-27 07:15:33'),
('0e8c99da-6f18-4878-89db-785279c5d2b6', 'eabdA4e3F4FEc7fC9B8ed4eFaeFdee2E23c5c4BEEB26EA8C52ABaAac069D8cCb', 'api_key_5', '1', '2024-08-13 22:00:27', '12.10.141.97', 'bcd8041d-8bd6-4259-99c2-04cfebc2b11d', '2024-03-20 01:21:41', '2024-03-23 06:21:52'),
('aa50ccdc-50ba-41a9-9e90-7d5451900c3c', 'Ae87fffDccFCEDB6CF1D53c8B5EaED3E7e74a2414EaAcb5EFBfeaeBbF230bf1B', 'api_key_4', '0', '2024-07-13 02:26:57', '182.61.240.219', '5e4a2761-bee1-4d64-8f76-f108d23862c2', '2024-03-20 01:29:27', '2024-03-23 07:11:52'),
('84749b8a-68a1-4c3c-8132-fa2eebe9822c', 'DFcAf6BaAA10D8EAFF7def4aeeAbe2fbafDF2e4b1bD5Eee92fcdFbc7A4eD0Fb7', 'api_key_2', '0', '2025-01-14 04:42:18', '94.216.240.139', '25971994-32c6-421f-9852-df88707c931c', '2024-03-20 01:34:25', '2024-03-26 06:46:55'),
('8caa5949-5686-4e6e-91a8-c2429e900689', 'a0cA1dae95BfAf5AdDFfaeB2fe1CAAabfcBFdbeBC2Bd9cBD96Bc2A616C28EFA8', 'api_key_7', '1', '2024-12-04 04:40:26', '132.118.192.30', 'e7c219c2-4bfa-4139-aeba-b5dd7e25680d', '2024-03-20 01:39:34', '2024-03-25 11:26:13'),
('f015f18a-8743-43c3-921c-ccd654a5629c', 'e3c1fCb0fD7F8dDD4EEB530Ce77b6e48bCAAFA72bc83c1935e0a8026D4ECaD92', 'api_key_2', '1', '2024-12-12 20:04:12', '142.39.72.61', 'a8be532b-5913-410f-bf91-4658cb86ce55', '2024-03-20 01:45:56', '2024-03-20 19:50:14'),
('872b247d-052b-4de4-81cb-31fab6198f7d', 'c3D73CBD9121e494dd2Eb8aeAE3cCf8d69bA1dE9FdBBD6A7cfaeb611DF7452aA', 'api_key_9', '0', '2025-01-29 19:27:09', '230.250.183.200', 'cae72c58-ac7d-402b-84d8-d1dad01062f8', '2024-03-20 01:49:04', '2024-03-20 21:48:39'),
('de256a33-0155-4ab4-a65b-13c5b18ad945', '36C1Ff8E1A3fAbAaAF22F02bA5DE5eE9FeceAD0Af9EbfACdecBDA7C118fF76E0', 'api_key_7', '0', '2024-10-20 08:28:04', '177.246.158.81', 'fa8f5bc3-ee7b-4ab9-98f3-49c10179c212', '2024-03-20 01:57:22', '2024-03-29 01:16:22'),
('d354e60c-b38c-48b3-9c0f-63e39a59287e', 'ece4AcBeF9aFd5E7Eda8cFAe37A303f20AAeC5dE3EA07FEC3fdC47ba3afebceB', 'api_key_6', '0', '2024-08-13 16:38:37', '187.105.65.207', '78b7c3a8-64fb-4692-a8ca-7644e190693b', '2024-03-20 02:03:30', '2024-03-24 22:57:58'),
('03ebf08c-03a7-49bf-9c8c-e785902fd430', 'C2caa0cF7f30EE7AEee1fb8f5Dd5Bc672b8BDcD86aa74610BEcbfafDd92bBefe', 'api_key_8', '0', '2025-02-03 10:20:01', '165.177.192.14', '757a0a13-6124-48f3-a0e0-c4769503013e', '2024-03-20 02:11:51', '2024-03-28 20:57:54'),
('c23bcd49-2f30-407f-bed6-5262609d963c', 'B30471b61865cFB16ec755fF8fEae9E55b578AbC5fDFEFE1FaF6ad2eAC5Af3E9', 'api_key_5', '1', '2024-06-05 16:07:21', '63.25.111.144', '1f262576-5557-4cd4-b59f-8900495b1f8d', '2024-03-20 02:15:27', '2024-03-28 17:48:29'),
('4d039602-d0af-45c9-95cf-39dc6112d0e5', '67bfFff079A7BeeD3c9f0EEb3c9E0e2c62daf9aaB7f5E28d96CFED7c2B73dE4f', 'api_key_9', '1', '2025-03-12 00:50:55', '202.255.137.120', 'ff1778e1-f891-412c-a0e8-d6d3d7af6199', '2024-03-20 02:16:52', '2024-03-23 21:20:45'),
('b42abeb1-c440-47c9-817d-7edac32cbab3', '6AFeEffcdE081ec0ccEBaFbf30F580aCbBFD9F3bBbeFBDE29fDA658bAdf0BDaC', 'api_key_7', '0', '2024-04-29 23:27:29', '19.85.214.103', 'f1367526-2b33-4cbe-ab03-b0aba57a1f1e', '2024-03-20 02:21:56', '2024-03-21 03:57:33'),
('9c9dcb74-18a5-4408-ae98-25a133512c52', 'e3BfaF3fcDCF8D9fdaAf65DC3BDDDa66bCD728aeaCc8AaCBcE3A7c2EcbEfCFb3', 'api_key_10', '1', '2025-01-11 04:27:55', '94.121.223.173', '86fca03a-5d59-48a3-81b2-96425fbdf547', '2024-03-20 02:28:07', '2024-03-29 01:11:26');


INSERT INTO "book_categories" ("name", "description", "id", "created_at", "updated_at") VALUES
('Biography', 'Operosam et perinde fructuosam relinqueret? Non ergo Epicurus ineruditus, sed ii indocti, qui, quae pueros non didicisse turpe est, ea putant usque ad senectutem.', '4825a844-180f-469e-a7c1-4ca6b86460a5', '2024-03-19 17:35:17', '2024-03-20 09:22:58'),
('Humor', 'Ne temperantiam quidem propter se esse iucunda, per se esse expetendam et dolorem ipsum per se ipsa allicit nec patientia nec assiduitas nec vigiliae nec ea ipsa, quae.', 'a0c2b7c7-30d7-4974-94b4-09eede3f475f', '2024-03-19 17:36:30', '2024-03-24 06:14:07'),
('Poetry', 'Vita. His rebus instructus semper est in voluptate esse aut in voluptate velit esse, quam nihil molestiae consequatur, vel illum, qui dolorem ipsum, quia dolor sit, amet, consectetur, adipisci velit, sed quia consequuntur magni dolores eos, qui ratione voluptatem sequi nesciunt, neque.', '145d7274-e59c-4cc2-b690-484199a62a4b', '2024-03-19 17:38:54', '2024-03-27 16:34:48'),
('History', 'Naturales et necessariae, alterum, quae naturales essent nec tamen necessariae, tertium, quae nec naturales nec necessariae. Quarum ea ratio est, ut necessariae nec opera multa nec impensa.', '68f9f35d-08e1-49e5-8d94-d500f4e9374f', '2024-03-19 17:42:15', '2024-03-27 22:47:42'),
('Mystery', 'Praestabiliorem aut magis expetendum possimus dicere? Inesse enim necesse est in voluptate. Neque enim disputari sine reprehensione nec cum iracundia aut pertinacia recte disputari.', 'df37b769-e66b-4880-b10e-f5d1f8e36514', '2024-03-19 17:51:57', '2024-03-28 03:17:42'),
('Fantasy', 'Tenent, eruditi appellantur -- aut ne deterruisset alios a studiis. Quamquam te quidem video minime esse deterritum. Quae cum tota res (est) ficta pueriliter, tum ne efficit quidem, quod vult. Nam et complectitur.', '66ea2696-8068-42b5-8709-a393d660650d', '2024-03-19 17:58:57', '2024-03-22 08:21:27'),
('Self-Help', 'Maximam voluptatem illam habemus, quae.', '1137bb48-82a9-4def-b5d9-3a094f947808', '2024-03-19 18:05:40', '2024-03-19 19:48:29'),
('Cookbooks', 'Contra hominum conscientiam saepti esse et muniti videntur, deorum tamen horrent easque ipsas sollicitudines, quibus eorum animi noctesque diesque exeduntur, a diis inmortalibus sine ullo metu vera sentit, non dubitat.', '723ad405-3761-4841-87b6-7f72388587bc', '2024-03-19 18:09:36', '2024-03-23 21:25:38'),
('Young Adult', 'Natura non depravata desiderat. Et quem ad.', 'c912563a-b2c4-465a-a561-45474943a250', '2024-03-19 18:15:01', '2024-03-29 16:25:21'),
('Thriller', 'Iactant nec tantum in alios caeco impetu incurrunt, sed intus etiam in animis inclusae inter se cohaerescant, ex quo efficiantur ea, quae audiebamus, conferebamus, neque erat umquam controversia, quid ego intellegerem, sed quid probarem. Quid igitur est? Inquit; audire enim cupio, quid non probes. Principio, inquam, in physicis.', '65f5a084-8ede-41ea-b8e8-6fe76fb2fb54', '2024-03-19 18:19:47', '2024-03-25 04:36:17'),
('Adventure', 'Quae expectamus, sic laetamur iis.', '1f7cba0b-a228-46a0-8c0c-91f6c2b93673', '2024-03-19 18:20:54', '2024-03-24 23:34:30'),
('Historical Fiction', 'Emolumento aliquo, sed ipsius honestatis decore laudandis, id totum evertitur eo delectu rerum, quem modo dixi, constituto, ut aut voluptates omittantur maiorum voluptatum adipiscendarum causa aut.', '59298bb4-b240-4908-8a6e-e145ae0958d4', '2024-03-19 18:22:31', '2024-03-23 22:31:17'),
('Classic Literature', 'Ista Platonis, Aristoteli, Theophrasti orationis ornamenta neglexerit. Nam illud quidem perspicuum est, maximam animi aut.', 'b913f6a0-7d5f-4d26-8596-fb6b21669c7f', '2024-03-19 18:27:09', '2024-03-20 15:03:08'),
('Dystopian', 'Qui vel utrisque litteris uti velint vel, si suas habent, illas non magnopere desiderent. Qui autem ita frui volunt voluptatibus, ut nulli propter eas consequantur dolores, et qui suum iudicium retinent, ne.', '4151bcde-9c8c-4ba2-82aa-18d1d06414e2', '2024-03-19 18:29:36', '2024-03-22 01:37:49'),
('Science Fiction', 'Vocet ad se et Consentinis et Siculis scribere. Facete is.', '1aed3ccb-f48e-46db-be95-807828ea8800', '2024-03-19 18:37:53', '2024-03-29 03:37:52'),
('Non-fiction', 'Propterea quod ipsa natura, ut ait ille, sciscat et probet, id est voluptatem. Homines optimi non intellegunt totam rationem everti, si ita res se habeat. Nam si ea.', '594e1fec-ac49-48bc-9ea5-243a7bc22e8f', '2024-03-19 18:39:07', '2024-03-24 12:32:49'),
('Graphic Novels', 'Sunt. An ''Utinam ne in nemore . . .'' nihilo minus legimus quam hoc idem Graecum.', '96720415-2f7a-449d-913e-e77c1ce1a2b7', '2024-03-19 18:44:53', '2024-03-24 12:36:52'),
('Romance', 'Soluta nobis est eligendi optio, cumque nihil impedit, quo minus id.', '074b855e-2d5a-46e4-a25c-3359b2915b96', '2024-03-19 18:53:03', '2024-03-28 04:21:29'),
('Children''s Literature', 'Hanc omnem quaestionem de finibus bonorum et malorum fere a.', 'a36c3e7f-058e-4054-933b-7dbefac53a11', '2024-03-19 18:59:33', '2024-03-22 00:28:38'),
('Horror', 'Voluptatibus inhaererent, eadem de amicitia disputatum. Alii cum eas voluptates.', 'd1098d79-0d4e-46ea-917c-4724a36f5951', '2024-03-19 19:08:01', '2024-03-25 01:29:45'),
('Cookbooks', 'Quot homines, tot sententiae; falli igitur possumus. Quam ob rem tandem, inquit, non satisfacit? Te enim iudicem aequum puto, modo.', '87a74e52-524d-44c9-af80-f32f331ea488', '2024-03-19 19:11:17', '2024-03-20 19:56:50'),
('Adventure', 'Sed neque tam docti tum erant, ad quorum iudicium elaboraret, et sunt illius scripta leviora, ut urbanitas summa appareat, doctrina mediocris. Ego autem quem timeam lectorem, cum ad me in.', '259db9de-052f-4ab7-82a0-a88220e221ef', '2024-03-19 19:14:08', '2024-03-24 20:32:41'),
('Young Adult', 'Amici propter se ipsos penitus perdiderunt, sic robustus animus et excelsus omni est liber cura et angore, cum et mortem contemnit, qua qui est.', '27a6abe2-8683-41d0-86de-53b43d4fcf27', '2024-03-19 19:21:22', '2024-03-29 11:26:54'),
('Adventure', 'Iis artibus, quas qui tenent, eruditi appellantur -- aut ne deterruisset alios a studiis. Quamquam te quidem video esse multos, sed imperitos --, quamquam autem et praeterita et futura. Ut enim mortis metu omnis quietae vitae status perturbatur, et ut succumbere doloribus eosque humili animo inbecilloque ferre miserum est, ob eamque debilitatem.', '018de49a-394c-4265-8872-f26d51ce2f0e', '2024-03-19 19:24:19', '2024-03-24 21:26:53'),
('Non-fiction', 'Miser. Accedit etiam mors, quae quasi titillaret sensus, ut ita ruant itaque turbent, ut earum motus et impetus quo pertineant non intellegamus, tu tam egregios viros censes tantas res gessisse sine causa? Quae fuerit causa, mox videro; interea hoc tenebo, si ob aliquam causam ista, quae sine dubio.', '1d3f06be-2cf0-4f73-8516-e9f1b9072333', '2024-03-19 19:31:35', '2024-03-21 09:12:58'),
('Adventure', 'Suo, geometrica discere maluisset quam illum etiam ipsum dedocere. Sol Democrito magnus videtur, quippe homini erudito in geometriaque perfecto, huic pedalis fortasse; tantum enim esse omnino in nostris poetis aut inertissimae segnitiae est aut fastidii delicatissimi. Mihi quidem videtur. Ac fieri potest, ut propemodum iustioribus utamur illis, qui omnino avocent a philosophia.', '73286095-a8f0-46a5-bc52-2177db60a39b', '2024-03-19 19:40:44', '2024-03-29 19:22:40'),
('Non-fiction', 'Vel ingenii liberalitati magis conveniunt, qua qui affecti sunt in eadem causa sunt.', '0d472745-d2f8-4199-8a14-cde04d6a5f9b', '2024-03-19 19:48:28', '2024-03-28 00:34:12'),
('Historical Fiction', 'Nos abducat? Sin laboramus, quis est, qui Ennii Medeam aut Antiopam Pacuvii spernat aut reiciat, quod se isdem Euripidis fabulis delectari dicat, Latinas litteras oderit? Synephebos ego, inquit, potius Caecilii aut Andriam Terentii quam utramque Menandri legam? A quibus tantum dissentio, ut, cum Sophocles vel optime scripserit Electram.', '4b2472c1-39da-4d79-bbec-c57036dd5b21', '2024-03-19 19:56:58', '2024-03-23 10:17:16'),
('Cookbooks', 'Posidonium. Quid? Theophrastus mediocriterne delectat.', 'fa699d2a-1ff6-4919-8b29-aeed6fb3bcae', '2024-03-19 20:02:25', '2024-03-22 16:02:39'),
('Young Adult', 'Id, quod his libris quaeritur, qui sit finis, quid extremum, quid ultimum, quo sint omnia bene vivendi recteque faciendi consilia.', 'a7c7c6ec-bec0-46d1-b5c0-f1895b21c034', '2024-03-19 20:08:27', '2024-03-25 16:23:40'),
('Science Fiction', 'Natura, non potest esse dubium, quin id sit summum atque extremum bonorum omnium, beateque vivere nihil aliud sit nisi cum voluptate conectitur. Nam et complectitur verbis, quod vult, et dicit plane, quod intellegam; et tamen in quibusdam neque pecuniae modus est neque honoris neque imperii nec libidinum nec epularum nec reliquarum cupiditatum.', 'b9e40773-449f-4959-aaad-606dd4627c40', '2024-03-19 20:17:28', '2024-03-23 11:54:32'),
('Cookbooks', 'Idem Lucilius, apud quem praeclare Scaevola: Graecum te, Albuci, quam Romanum atque Sabinum, municipem Ponti, Tritani, centurionum, praeclarorum hominum ac primorum signiferumque, maluisti dici. Graece ergo praetor Athenis, id quod maluisti, te, cum.', 'f09392fe-4fc5-43f5-9eb9-e6f39cccbfc8', '2024-03-19 20:21:00', '2024-03-26 19:29:39'),
('Fantasy', 'Audeam scribere? Quamquam a te ipso id quidem facio provocatus gratissimo mihi libro, quem ad modum affecta nunc est, desiderat?'' -- Nihil.', '78507970-ca74-4988-be7b-60ba7d5f8f9d', '2024-03-19 20:27:31', '2024-03-24 14:39:56'),
('Young Adult', 'Praesidium, in quo a nobis philosophia defensa et collaudata est, cum esset accusata et vituperata ab Hortensio. Qui liber cum et mortem contemnit, qua qui affecti sunt in eadem causa sunt, qua ante quam nati, et ad corpus referri, nec ob eam causam non.', '42202095-b3d9-4510-9f09-384c114611a3', '2024-03-19 20:31:01', '2024-03-20 00:55:48'),
('History', 'Tamque et operosam et perinde fructuosam relinqueret?', '991040c3-5214-44a8-ac61-ac767d3c4ddf', '2024-03-19 20:37:21', '2024-03-22 11:47:29'),
('Biography', 'Autem non tam id reprehendunt, si remissius agatur, sed tantum.', '812954ad-f019-41fd-8000-5666cca8a2c0', '2024-03-19 20:44:39', '2024-03-25 16:28:16'),
('Children''s Literature', 'Te, cum ad te ne Graecis quidem cedentem in philosophia audeam scribere? Quamquam a te ipso id quidem facio provocatus gratissimo mihi libro, quem ad modum sit affectus, eum necesse est effici, ut.', 'a80638be-fb08-4b1a-9aa8-a365bac5cb70', '2024-03-19 20:49:21', '2024-03-26 02:14:53'),
('Young Adult', 'Mihi quisque tribuat, quid in omni re doloris amotio successionem efficit voluptatis. Itaque non placuit Epicuro.', '531ade0b-f43e-4151-900f-4140bbd4b55a', '2024-03-19 20:54:36', '2024-03-27 00:37:29'),
('Poetry', 'Ob ea solum incommoda, quae eveniunt inprobis, fugiendam inprobitatem putamus, sed multo etiam magis, quod, cuius in animo versatur, numquam sinit eum respirare, numquam adquiescere. Quodsi ne.', 'b1af2416-6c0f-4b46-934e-f42020a4fb48', '2024-03-19 21:00:59', '2024-03-26 08:44:27'),
('History', 'Aliam rem, ad id omnia referri oporteat, ipsum autem nusquam. Hoc.', '6eb560e3-be13-4e06-9aac-36db777692af', '2024-03-19 21:04:30', '2024-03-20 09:54:38'),
('Fantasy', 'Pericula, labores, dolorem etiam, quem optimus quisque pro patria et pro suis suscipit, ut non dicas, quid non probes. Principio, inquam, in physicis, quibus maxime gloriatur, primum totus est alienus. Democritea dicit.', 'b0c9b5f0-6432-4098-82a4-42e266dd07de', '2024-03-19 21:10:21', '2024-03-21 01:09:52'),
('Classic Literature', 'Inquam, nisi te audire vellem, censes haec dicturum fuisse? Utrum igitur percurri omnem Epicuri disciplinam placet an de una voluptate quaeri, de qua omne certamen est? Tuo vero.', 'dd25a9eb-d9d6-43ec-8cb1-2fecdb4bdd21', '2024-03-19 21:20:04', '2024-03-23 11:26:02'),
('Poetry', 'Iudiciorumque poenis obligantur. Qui autem ita frui volunt voluptatibus, ut nulli propter eas.', '5592473c-ec80-498a-9892-0e8aaddaf461', '2024-03-19 21:26:05', '2024-03-23 00:29:19'),
('Graphic Novels', 'Et semper sollicitant turbulentaeque sunt, sic ut plura nemini e nostris, qui haec subtilius velint tradere et negent satis esse, quid.', 'ed6410f7-5cdf-4583-a76f-b9052b65d1d7', '2024-03-19 21:27:30', '2024-03-25 00:18:49'),
('Biography', 'Epicuri ratio, quae plerisque notissima est. Quam a nobis sic intelleges eitam, ut ab ipsis, qui eam disciplinam probant, non soleat accuratius explicari; verum enim invenire volumus, non.', '6e1c1194-9282-4ef8-b224-df8d8dce56b0', '2024-03-19 21:36:33', '2024-03-26 10:39:05'),
('Poetry', 'Constituant in reque eo meliore, quo maior sit, si nihil efficeret; nunc expetitur, quod est tamquam artifex conquirendae et comparandae voluptatis -- Quam autem ego dicam voluptatem, iam videtis, ne invidia verbi labefactetur oratio mea --.', '346b409a-eaf6-4a38-aae5-143820fcc5a8', '2024-03-19 21:38:13', '2024-03-20 18:59:27'),
('Children''s Literature', 'Et, quod aptissimum est ad quiete vivendum, caritatem, praesertim cum omnino nulla sit causa peccandi. Quae enim cupiditates a natura ipsa iudicari. Ea quid percipit aut quid.', '6ca4252b-491b-44c8-b0d4-a743e520ad7d', '2024-03-19 21:42:19', '2024-03-20 19:59:28'),
('History', 'Animo inbecilloque ferre miserum est, ob eamque debilitatem animi multi parentes, multi amicos.', 'e3f88149-cd51-4cbd-8eb5-ff16d2ff9b17', '2024-03-19 21:50:01', '2024-03-25 20:51:59'),
('Thriller', 'Eruditi appellantur -- aut ne deterruisset alios a studiis. Quamquam te quidem video esse a nostris de amicitia dicenda sunt. Praeclare enim Epicurus his paene verbis: ''Eadem'', inquit, ''scientia confirmavit animum, ne quod aut sempiternum aut diuturnum timeret malum, quae.', 'b14211ec-a1de-4e84-ae13-9bb6bb85dbe9', '2024-03-19 21:58:25', '2024-03-23 12:07:55'),
('Romance', 'Bene noris. Nisi mihi Phaedrum, inquam, tu mentitum aut Zenonem putas, quorum utrumque audivi, cum mihi nihil sane praeter sedulitatem probarent, omnes mihi Epicuri sententiae satis notae sunt. Atque eos, quos nominavi, cum Attico nostro frequenter audivi, cum miraretur ille quidem utrumque, Phaedrum autem etiam amatoriis levitatibus dediti, alii petulantes, alii audaces.', '22f5fde7-e305-4f00-a501-646a3ee0f454', '2024-03-19 22:07:43', '2024-03-28 12:22:00'),
('Science Fiction', 'Utilitas ex amicitia, tamen ipsi amici propter se esse expetendam et insipientiam propter molestias esse fugiendam? Eademque ratione ne temperantiam quidem propter se expetendam esse dicemus, sed quia maiores consequatur. Eadem fortitudinis ratio reperietur. Nam neque laborum perfunctio neque perpessio dolorum per se ipsa allicit nec patientia nec assiduitas nec vigiliae nec ea ipsa, quae ab.', 'b7234ca6-07e7-4305-984d-20e251ed2977', '2024-03-19 22:14:49', '2024-03-24 09:05:35'),
('Classic Literature', 'Vita doloribus referta maxime fugienda est, summum profecto malum est vivere cum dolore, cui sententiae consentaneum est ultimum esse bonorum voluptatem ex infinito tempore aetatis percipi posse, quam.', 'fbfcc5bf-3824-4970-9028-329caa886618', '2024-03-19 22:19:43', '2024-03-28 00:07:55'),
('Mystery', 'Paratus est, ut omne, quo offendimur, dolor, doloris omnis privatio recte nominata est voluptas. Ut.', '3a745289-cbc7-49d1-b3e6-4f052a4675e8', '2024-03-19 22:28:39', '2024-03-29 18:19:20'),
('Self-Help', 'Sed similia fere dici possunt. Ut enim mortis metu.', 'ad7a656d-bee0-4bf5-aaf6-94628272c1e4', '2024-03-19 22:32:57', '2024-03-26 07:42:48'),
('History', 'Omnia referri oporteat, ipsum autem nusquam. Hoc Epicurus in voluptate esse aut.', '4541c02e-b0bb-4082-b2bf-f94514ac6311', '2024-03-19 22:38:50', '2024-03-24 01:22:00'),
('Romance', 'Exitum potest, nisi derigatur ad voluptatem, voluptas autem est sola, quae nos exhorrescere metu non sinat. Qua praeceptrice in tranquillitate vivi potest omnium cupiditatum ardore restincto. Cupiditates enim.', '5feaaaed-d5a3-47c4-8891-558022577bee', '2024-03-19 22:42:33', '2024-03-23 14:11:23'),
('Graphic Novels', 'Virtutem autem nixam hoc honesto nullam requirere voluptatem atque ad beate vivendum se ipsa esse contentam. Sed possunt haec quadam ratione dici non necesse est. Tribus igitur modis video esse multos, sed imperitos --, quamquam autem et praeterita et futura. Ut enim virtutes, de quibus et ab antiquis, ad arbitrium suum scribere?', 'e657d403-b4ea-481b-960d-ad07bdbf8011', '2024-03-19 22:51:02', '2024-03-21 09:55:05'),
('Mystery', 'Omnis voluptas assumenda est, omnis dolor repellendus. Temporibus autem quibusdam et aut officiis debitis aut rerum necessitatibus saepe eveniet, ut et voluptates et dolores nasci fatemur e corporis voluptatibus et doloribus -- itaque.', '60e32d32-8124-4297-8568-8efe05153950', '2024-03-19 22:58:44', '2024-03-22 19:14:10'),
('Non-fiction', 'Corporis suscipit laboriosam, nisi ut aliquip ex ea commodi consequatur? Quis autem vel eum iure reprehenderit, qui in ea voluptate velit esse cillum dolore eu fugiat nulla pariatur. Excepteur sint occaecat cupidatat.', '194fef6d-82bd-4e4e-b468-75cc44876b8d', '2024-03-19 23:06:40', '2024-03-28 04:37:02'),
('Poetry', 'Corrigere voluit, deteriora fecit. Disserendi artem.', 'f3dbb2af-dc43-4f74-9052-9c41786984a3', '2024-03-19 23:15:32', '2024-03-29 21:49:50'),
('Classic Literature', 'Consecutionem affert voluptatis, sic in omni munere vitae optimum et verissimum sit.', 'b65b7d34-0e28-4666-bac6-a09762d0d641', '2024-03-19 23:19:45', '2024-03-29 05:17:20'),
('Cookbooks', 'Censet enim eadem illa constituto veri a falso distinctio traditur. Restat locus huic disputationi vel.', '1171f237-3497-4bed-b0a6-e8e08f2d859c', '2024-03-19 23:27:43', '2024-03-27 10:48:10'),
('Poetry', 'Malum dolorem, idque instituit docere sic: Omne.', 'a03c81b4-9701-48ea-ab9f-f64fe905c4df', '2024-03-19 23:29:44', '2024-03-22 16:49:15'),
('Poetry', 'Tutiorem vitam et voluptatem ipsam per se laetitiam, id est vel summum bonorum vel ultimum vel extremum .', 'fb011d6e-5b3e-45f0-b5c1-d17ea49c88a7', '2024-03-19 23:32:12', '2024-03-28 02:13:56'),
('History', 'Bonorum omnium, beateque vivere nihil aliud sit nisi cum voluptate conectitur. Nam et praeterita et futura. Ut enim medicorum scientiam non ipsius artis, sed bonae valetudinis causa probamus, et gubernatoris.', 'bf47728d-385e-4914-a7e5-84d053317749', '2024-03-19 23:38:11', '2024-03-27 14:11:31'),
('Historical Fiction', 'Omnes voluptates, dolores denique quosvis suscipere malit quam deserere ullam officii partem, ad ea, quae dices, libenter assentiar. Probabo, inquit, modo ista sis aequitate, quam ostendis.', '1c648312-1daf-439f-b0cf-898e998463ba', '2024-03-19 23:40:45', '2024-03-23 07:33:53'),
('Horror', 'Ficta pueriliter, tum ne efficit quidem, quod vult. Nam et ipsa declinatio ad libidinem fingitur -- ait enim declinare atomum.', '5850a417-35c7-4375-8122-4a92e0ec7311', '2024-03-19 23:49:51', '2024-03-20 00:13:12'),
('Science Fiction', 'Impediente nec inpendente, quem tandem hoc statu praestabiliorem aut magis expetendum possimus dicere? Inesse enim necesse est in quo a populo Romano locatus sum, debeo profecto, quantumcumque possum, in eo quoque elaborare, ut sint opera, studio, labore meo doctiores cives mei, nec cum iracundia aut pertinacia recte disputari.', 'e3d6803d-5ba4-4abf-9ce9-4e380d557776', '2024-03-19 23:55:43', '2024-03-27 01:50:08'),
('Humor', 'Labor in varias reprehensiones incurreret. Nam quibusdam, et iis quidem non admodum.', '2263ecf9-b9c8-43c1-b4f9-cad1620f4e01', '2024-03-20 00:05:08', '2024-03-21 21:05:09'),
('Non-fiction', 'Faciant, incidant in maiorem. Ex quo efficiantur ea, quae praeterierunt, acri animo et corpore voluptatibus nullo dolore nec impediente nec inpendente, quem tandem hoc statu praestabiliorem aut magis expetendum possimus dicere? Inesse enim necesse est effici.', '8472c022-dc59-48fd-a15d-9904ea64540b', '2024-03-20 00:08:16', '2024-03-22 05:57:56'),
('Humor', 'Perciperet corpore voluptatem, aut cum Latinis tertio consulatu conflixisse apud Veserim.', 'f065bf74-d245-4d72-939f-899820917102', '2024-03-20 00:09:21', '2024-03-25 22:26:39'),
('Young Adult', 'Et excelsus omni est liber cura et angore, cum et mortem contemnit, qua qui est imbutus quietus esse numquam potest. Praeterea bona praeterita grata recordatione renovata delectant. Est autem situm in nobis ut et voluptates repudiandae.', '690a3caf-2d72-4d4d-9b13-a0ea366ea499', '2024-03-20 00:10:29', '2024-03-22 06:41:59'),
('Children''s Literature', 'Agatur, sed tantum studium tamque multam operam ponendam in eo quoque elaborare, ut sint illa vendibiliora, haec uberiora certe sunt. Quamquam id quidem facio provocatus gratissimo mihi libro, quem ad.', 'a13ad085-a52f-4426-9626-cd6567c5036c', '2024-03-20 00:11:59', '2024-03-22 05:17:48'),
('Young Adult', 'Et nihil posse percipi dicunt, ii remotis sensibus ne id ipsum quidem expedire possunt, quod disserunt. Praeterea sublata cognitione et scientia tollitur omnis ratio et vitae degendae et rerum gerendarum. Sic e physicis et fortitudo sumitur contra mortis timorem et constantia contra metum religionis et sedatio animi omnium rerum occultarum ignoratione sublata et moderatio natura cupiditatum.', '24f40c56-acf5-475b-9d77-e2c8ad343b93', '2024-03-20 00:18:11', '2024-03-21 13:41:47'),
('Non-fiction', 'Aut petat aut fugiat aliquid, praeter voluptatem et dolorem? Sunt autem quidam e nostris, et scribentur fortasse plura, si vita suppetet; et tamen, qui diligenter haec, quae vitam omnem continent, neglegentur? Nam, ut sint opera, studio, labore meo doctiores cives mei, nec cum iracundia aut pertinacia recte disputari potest. Sed ad rem.', 'b3e61865-0614-4560-b128-6587f6da91b5', '2024-03-20 00:23:53', '2024-03-24 17:44:44'),
('Adventure', 'Certe, inquam, pertinax non ero tibique, si mihi probabis ea, quae corrigere vult, mihi quidem depravare videatur. Ille atomos quas appellat, id est voluptatem. Homines optimi non intellegunt totam rationem everti, si ita.', '74b49b86-31d1-4f04-99f3-60ea328990df', '2024-03-20 00:28:50', '2024-03-27 13:50:49'),
('Self-Help', 'Et ipsa declinatio ad libidinem fingitur.', 'd80f9816-4cec-4aa6-ba45-552d45cc2948', '2024-03-20 00:30:32', '2024-03-29 21:59:01'),
('Classic Literature', 'Necessarius de amicitia, quam, si voluptas summum sit bonum, affirmatis nullam omnino fore. De qua.', 'bc13c6a7-791c-46d7-b6b8-d3e38d172495', '2024-03-20 00:34:55', '2024-03-20 23:45:40'),
('Horror', 'Inflammat, ut coercendi magis quam dedocendi esse videantur. Invitat igitur vera ratio bene sanos ad iustitiam, aequitatem, fidem, neque homini infanti aut inpotenti iniuste facta conducunt, qui nec facile efficere possit, quod melius sit, accedere? Statue contra aliquem confectum tantis animi corporisque.', '61e11132-3d2d-49ac-8298-088b18519c92', '2024-03-20 00:36:27', '2024-03-21 05:07:51'),
('Dystopian', 'Illum, qui dolorem ipsum, quia dolor sit, amet, consectetur, adipisci velit, sed quia pacem animis afferat et eos quasi concordia quadam placet ac leniat. Temperantia est enim, quae in rebus aut expetendis aut fugiendis ut rationem sequamur monet. Nec enim habet nostra.', '9a92d507-6ea3-441b-9774-be445681a71d', '2024-03-20 00:45:06', '2024-03-24 18:12:46'),
('Young Adult', 'Periculum adiit. -- In oculis quidem exercitus.', 'ed69c5bb-c338-49e0-a748-065bf61d97f5', '2024-03-20 00:54:22', '2024-03-21 03:02:07'),
('Dystopian', 'Bene vivendi recteque faciendi consilia referenda.', '70c3ae9b-81ef-4d45-846c-0820c1f834c1', '2024-03-20 00:59:01', '2024-03-24 02:47:20'),
('Historical Fiction', 'Voluptates, quae ad amicos pertinerent, negarent esse per se ipsas tam expetendas.', '312ca6c9-86a5-4f37-acfa-e0580d7d8846', '2024-03-20 01:03:13', '2024-03-27 10:52:19'),
('Graphic Novels', 'Consentinis et Siculis scribere. Facete is quidem, sicut alia; sed neque tam docti tum erant, ad quorum iudicium elaboraret, et sunt illius scripta leviora, ut urbanitas summa appareat, doctrina mediocris. Ego autem quem timeam lectorem, cum ad me de virtute misisti. Sed.', '8e806b59-8bb1-4765-97fe-778441cbf57a', '2024-03-20 01:04:27', '2024-03-22 14:44:13'),
('Self-Help', 'Cupiditates a natura ipsa iudicari. Ea quid percipit aut quid iudicat, quo aut petat aut fugiat aliquid, praeter voluptatem et dolorem. Ad haec et quae fugiamus refert omnia.', '799554bc-6083-4470-8744-046d3eca2bbc', '2024-03-20 01:11:17', '2024-03-27 15:02:45'),
('Adventure', 'Fit ut aegritudo sequatur, si illa mala sint, laetitia, si bona. O praeclaram beate vivendi et apertam et simplicem et directam viam! Cum enim certe nihil homini possit melius esse quam Graecam. Quando enim nobis, vel dicam aut oratoribus bonis aut poetis, postea quidem quam fuit quem imitarentur.', '64b021a7-5f3d-41e2-9252-5d1375eaf266', '2024-03-20 01:12:20', '2024-03-22 16:20:48'),
('Mystery', 'Orationis ornamenta neglexerit. Nam illud quidem physici, credere aliquid esse minimum, quod profecto numquam putavisset, si a Polyaeno, familiari suo, geometrica discere maluisset quam illum etiam ipsum dedocere. Sol Democrito magnus videtur, quippe homini erudito in geometriaque perfecto, huic pedalis fortasse; tantum enim esse.', '50d0196b-7238-415a-91a3-0cef85e83aab', '2024-03-20 01:21:37', '2024-03-26 19:09:54'),
('Non-fiction', 'Voluptate est. Extremum autem esse bonorum eum voluptate vivere.', '62d0f686-fea4-4ce1-9be2-10163d610e72', '2024-03-20 01:22:45', '2024-03-22 10:26:10'),
('Thriller', 'Posse, quod coniunctione tali sit aptius. Quibus.', 'feb9aefc-9a56-41a2-8a01-8248589f0ac5', '2024-03-20 01:32:01', '2024-03-21 04:27:54'),
('Children''s Literature', 'Quae in rebus aut expetendis aut fugiendis ut rationem sequamur monet. Nec enim habet nostra mens quicquam, ubi consistat tamquam in.', '846749a9-4674-47af-b634-40f377b2650d', '2024-03-20 01:37:24', '2024-03-23 21:25:22'),
('Non-fiction', 'Propterea quod ipsa natura divitias.', 'acf6c058-1192-4401-b69f-17f572c37565', '2024-03-20 01:43:37', '2024-03-26 15:05:48'),
('Humor', 'Ingenia transferrem. Sed id neque feci.', 'f12dab53-de27-4d29-aca4-4cd2c8c3e58b', '2024-03-20 01:50:26', '2024-03-24 04:33:12'),
('Adventure', '-- Si sine causa, nollem me ab eo dissentiunt, sed certe non probes, eum quem ego arbitror unum vidisse verum maximisque erroribus animos hominum liberavisse et omnia tradidisse, quae pertinerent ad bene vivendum aptior partitio quam.', '90370062-2093-4fef-9286-c5d90389c0aa', '2024-03-20 01:57:00', '2024-03-22 13:44:46'),
('Biography', 'Debent, quod et posse fieri intellegimus et saepe disserui, Latinam linguam non modo non repugnantibus, verum etiam approbantibus nobis. Sic enim ab Epicuro sapiens semper beatus inducitur: finitas habet cupiditates, neglegit mortem, de diis inmortalibus supplicii causa importari putant.', '0799c702-4e2d-4cf8-acc5-c27c2f3a73fc', '2024-03-20 02:00:49', '2024-03-22 19:29:16'),
('History', 'Tua sic affecta, quem ad.', 'fea02dff-47ad-439c-a706-adafa536302a', '2024-03-20 02:06:47', '2024-03-21 11:20:37'),
('Poetry', 'Praesentibus fruuntur, sed etiam effectrices sunt voluptatum tam amicis quam sibi.', '460a92ae-b75c-4b56-8acb-8ea8923b2275', '2024-03-20 02:13:53', '2024-03-21 05:59:50'),
('Young Adult', 'Propriae ruinae: censet enim eadem illa constituto veri a falso distinctio.', '83e1046f-c2cb-4c41-b444-784e73238293', '2024-03-20 02:15:23', '2024-03-27 21:45:14'),
('Romance', 'Praetor Athenis, id quod maluisti, te, cum ad me de virtute.', '15c7295c-35d7-4d2a-8b6f-e48db4bb7b68', '2024-03-20 02:16:27', '2024-03-26 16:02:17'),
('Humor', 'Nam si ea sola voluptas esset, quae quasi saxum Tantalo semper impendet, tum superstitio, qua qui affecti sunt in eadem causa sunt, qua ante quam nati, et ad corpus referri, nec ob eam causam non multo maiores esse et voluptates et dolores animi quam corporis. Nam corpore nihil.', '7dcc4d3c-5386-4e9c-9b30-dbc9685214af', '2024-03-20 02:20:57', '2024-03-23 19:29:59'),
('Dystopian', 'Voluptatibus, videtisne quam nihil praetermittatur quod vitam adiuvet, quo facilius id, quod propositum est, summum profecto malum est vivere cum dolore, cui sententiae consentaneum.', '65a0b8d0-9693-45e5-9e3a-cbf11fc58225', '2024-03-20 02:29:26', '2024-03-23 13:59:42');


INSERT INTO "book_requests" ("user_id", "book_id", "requested_at", "status", "created_at", "updated_at", "id") VALUES
('9060e79c-ec95-46cd-87a4-9f9a96c04ca9', '3c4d60b9-5c45-412a-bef7-2881630cb11b', '2024-10-15 18:42:26', 'fulfilled', '2024-03-19 17:35:17', '2024-03-29 17:26:50', '49b7215f-f515-42d6-8f2d-640b612d0d6f'),
('3364169f-6c79-4324-b4ef-e0cbda781675', '984a4ccb-4c83-425b-8c05-9f2036789d0a', '2025-02-24 21:36:19', 'rejected', '2024-03-19 17:36:32', '2024-03-20 21:58:42', '5db3bbd8-f257-4a8e-90ee-bce164f5c901'),
('8759f868-c13d-4676-80db-2a540524fc60', '8094ed21-a4da-4de1-88f3-a4e5888abf14', '2024-10-09 19:39:44', 'approved', '2024-03-19 17:40:29', '2024-03-28 23:35:39', 'f52d49f3-3e73-4abd-abae-82849233c547'),
('2882e728-b5d3-4a57-8f63-517545649969', 'c0b72a93-f326-4100-a571-2092cd7069dc', '2024-08-02 09:22:17', 'fulfilled', '2024-03-19 17:41:38', '2024-03-20 02:20:37', 'f48e81df-080a-4fd6-a07d-85606ccc2a15'),
('872b247d-052b-4de4-81cb-31fab6198f7d', '7c76b07d-d75e-424c-a692-88b234e2f5bc', '2024-08-21 01:33:06', 'approved', '2024-03-19 17:46:57', '2024-03-22 16:42:18', '8535ec58-94b0-4102-9dfd-bdb8c967e675'),
('4b49c9e8-36e6-448c-9570-4f5c503b754b', '8656fcbd-c55e-4955-bf95-4a40ef61b799', '2024-06-05 08:06:48', 'approved', '2024-03-19 17:50:15', '2024-03-28 23:56:20', '25845601-31be-4050-a6a2-94c3da6aca4b'),
('1c3aa02a-a714-45f4-aa5e-ed22c4f537fb', 'e2a51658-e2fc-4637-bade-7d07d4886658', '2024-04-04 07:27:01', 'rejected', '2024-03-19 17:51:58', '2024-03-24 15:58:20', 'bfb2dc07-27fa-468c-9ade-5f7e59c7b147'),
('fe80b40a-5587-4b89-befe-069693141f2c', 'dfaaaf86-3269-4f79-bc87-392863a0d942', '2024-11-09 09:23:07', 'rejected', '2024-03-19 17:58:23', '2024-03-28 23:25:54', '73b1a4ff-e562-4bb0-8382-89f52acd65da'),
('a05cb6be-c28e-4a95-96d0-c321ea3042c9', '6f27ff78-91df-44e0-bdbc-3d51f85ab5e1', '2024-07-13 05:12:22', 'pending', '2024-03-19 18:08:16', '2024-03-21 14:06:33', '4c95b5ba-d1aa-4d77-900f-5b38b4039fac'),
('f015f18a-8743-43c3-921c-ccd654a5629c', '9c2d4bac-52af-4125-92ee-ad1b1be5c0e5', '2025-03-15 11:58:11', 'pending', '2024-03-19 18:09:53', '2024-03-24 16:27:35', '65ce661a-c2c7-45d9-bc18-b6ec64c93341'),
('e9785217-97b1-4cb1-9254-83b79f048875', 'ac3f141f-6702-4afb-a9ff-5b46850f911a', '2024-08-08 07:01:38', 'pending', '2024-03-19 18:11:49', '2024-03-23 03:02:27', 'cccfa73d-571d-4b95-ab23-35fd19fc2f90'),
('cf21e224-6793-4be0-bd3f-ef7dcaa38533', '7a0c243e-400b-401d-9614-e427ebd9e3d8', '2024-06-01 17:11:57', 'pending', '2024-03-19 18:19:38', '2024-03-21 07:54:16', '7da04de7-5576-44c1-ae21-ad79ff8b4b16'),
('d7a4111b-ef1a-47c4-bf48-466f529f4d43', '46715112-76b6-446e-a93f-8c35cdb23922', '2025-01-13 03:43:31', 'approved', '2024-03-19 18:28:51', '2024-03-21 03:56:57', '4b97d9fb-f91c-401a-8bb8-e36a53bf1aa3'),
('bba81286-3f9e-4348-bfbf-da1b36755486', '1fb1969c-bd81-40c1-b27a-bb05f26c5aae', '2024-09-10 03:39:22', 'cancelled', '2024-03-19 18:32:56', '2024-03-23 17:12:03', 'fef5a232-ec48-4045-81ac-9b69f03e9f8f'),
('ef0eb5ca-c908-465d-a39d-5a07198496bb', 'bf1395d8-18ed-4649-815a-45a2cd0cde2a', '2025-02-14 10:05:30', 'rejected', '2024-03-19 18:39:23', '2024-03-21 04:33:33', 'a750f053-ef6f-46d8-a0c6-6f5a26c88195'),
('bc530019-654a-4aa2-80de-d6ae1eea9daf', 'b19c4393-d1bd-40d7-89d2-6fb9163235d8', '2024-06-19 09:09:34', 'approved', '2024-03-19 18:40:54', '2024-03-28 14:39:11', '80be78b2-78b9-43f8-86ad-791b71e27c9e'),
('481303e0-a2a4-443c-9b37-d8c5662a3c28', '64c4c2c5-0c84-4e65-a36d-34ae207539c2', '2024-07-25 06:42:30', 'fulfilled', '2024-03-19 18:42:00', '2024-03-25 23:09:07', 'f5c35a94-4e07-4bb6-813b-55622a01e7d5'),
('2f83026d-ef91-490f-843f-61c3d29e345c', '26734465-d1a8-4c03-a264-af95f7126eff', '2024-04-01 01:41:57', 'pending', '2024-03-19 18:51:17', '2024-03-21 00:07:45', '8fddf242-b9ca-4bb2-9ee3-72a4eebe244b'),
('733edaa6-ce57-4d80-8d97-2125b137821f', 'bcbb353b-4157-49b4-bb0b-6eb2c2d27bb6', '2024-06-23 12:52:42', 'rejected', '2024-03-19 18:56:48', '2024-03-23 15:19:51', '377b09d6-4eeb-4fc3-b642-5b3f5b1dabc1'),
('3b524143-4db2-4032-a09c-f27e116d9b0a', 'f5d0b550-9873-4714-bb4d-62d8231c091f', '2024-10-11 14:42:54', 'fulfilled', '2024-03-19 19:01:22', '2024-03-20 18:19:51', 'aea68518-c931-40be-a8ce-3bfbcf1ea861'),
('8584cfde-b0ab-44c8-ac8b-fcaeb8264a03', '01d5e7e7-6bc3-49ce-82c0-99a6b812c28f', '2024-05-04 21:04:57', 'approved', '2024-03-19 19:05:56', '2024-03-22 13:17:18', 'f24f9db2-8f33-40b2-92d1-ce5003416a80'),
('5b3a417b-110e-4320-b64a-41b5f7fdb8e5', 'afdeab7b-1746-4f0e-b209-f699db77f735', '2024-07-26 13:22:35', 'approved', '2024-03-19 19:11:38', '2024-03-29 04:02:57', '282208a2-0fc3-4948-b51c-c9f86dbffedd'),
('f4a5b9c4-f293-4cdb-9486-cdd87d440c42', '1643fa75-c3f5-4f99-aac7-9d05f65e5a8f', '2024-11-05 01:56:16', 'fulfilled', '2024-03-19 19:15:40', '2024-03-28 02:44:20', '8a505139-983b-44d3-94ec-4f722f203fa9'),
('e9fc2584-3e9d-40eb-9f3a-2657d6f2c514', 'a88a248e-9eac-49d5-b89d-bdd74d8f97c4', '2024-03-21 13:22:33', 'approved', '2024-03-19 19:25:34', '2024-03-23 19:13:18', '4092c8db-f54d-4d63-814f-ac10376fcfb5'),
('210ef50d-3b93-469a-8119-ce6528be9726', '8ad868f0-7cff-45fd-a5ee-ea47135fd5db', '2024-07-20 08:27:38', 'pending', '2024-03-19 19:31:04', '2024-03-22 08:10:58', 'e5a915d3-b722-46d3-8490-7468c64ef3ca'),
('4e33e709-c0a6-4c2c-bd99-82686b36ac40', '6333e0c9-18db-4dbb-87c4-3a522d4d5c66', '2024-12-24 05:54:18', 'rejected', '2024-03-19 19:40:51', '2024-03-26 00:47:38', '27da3d8e-8a97-4845-ba07-0b542bbbebe9'),
('1b8f9f74-ec3c-49f2-bf99-f54a0c7ebb98', '549899cb-1a65-44aa-a01e-2b1a783bd235', '2024-08-03 18:20:57', 'pending', '2024-03-19 19:45:00', '2024-03-28 18:27:09', 'a8cbf979-af49-4a36-834c-00f9bf8b2481'),
('49b279e3-684b-42f4-bfaa-69a6c4aad311', 'e6c87c2b-cd31-4e20-987c-f2526c0868eb', '2024-12-28 15:53:46', 'fulfilled', '2024-03-19 19:49:00', '2024-03-28 17:27:56', '38ed7a5a-cc3d-402d-9314-0ba9808dd0c6'),
('b81b0461-b3df-4246-8e31-2887e8c94512', '6a47253e-8e39-4ea1-8d91-e1dbf42d5e6c', '2024-12-09 14:13:10', 'approved', '2024-03-19 19:55:09', '2024-03-22 18:41:18', 'f307fc41-22d3-4a8f-9335-4d61a77e3259'),
('c22a8ad5-ac92-49f4-bf58-2e1fe7f0134f', 'da88092b-9abd-4022-8c40-71d300d2c846', '2024-10-12 09:43:30', 'rejected', '2024-03-19 19:59:38', '2024-03-21 15:15:57', 'feb95086-5f99-46cf-b510-e8f534c24001'),
('1e4cea5c-95b0-4b6b-9417-d6fbc8ed152e', '09806a41-b885-4501-933b-905298e8714e', '2024-04-08 19:41:56', 'pending', '2024-03-19 20:04:18', '2024-03-27 06:41:53', '18290ac5-04b9-406b-bdb1-f59ad8bee9ff'),
('fe3c523c-ad81-4051-9794-86ee1f6cc9b9', '7e563a28-776c-460b-9cbb-a009d9d94130', '2024-03-26 22:51:21', 'cancelled', '2024-03-19 20:12:05', '2024-03-26 08:41:51', '048f899c-4186-4324-afaf-9972f850b643'),
('f273b0f0-61e3-4c89-b476-e79c2f904dec', '0110f674-4415-4cc6-ac2e-8891aca3c498', '2024-10-19 13:23:43', 'rejected', '2024-03-19 20:15:28', '2024-03-20 22:45:06', 'ab1dbe01-5a9c-4188-a100-5f6124e95cae'),
('a4758581-cdb3-45c7-afcf-d69e3e207a39', 'dbc7b587-baef-4c60-b700-d22743990904', '2024-05-11 23:19:34', 'approved', '2024-03-19 20:23:44', '2024-03-20 15:19:12', '27376768-1241-450a-9d29-a679da48ffeb'),
('b08bb138-d5e9-4872-a8fc-5061273ef627', 'f757eac3-d390-4d11-bdc7-4650dd762e05', '2024-08-09 07:35:57', 'pending', '2024-03-19 20:27:54', '2024-03-28 14:34:18', '8c2729e2-660a-4b91-a0e4-105c6c3c77aa'),
('08512181-5d2f-43b2-931f-79e8185aa863', 'ff1d3230-058e-4696-9acf-83b49927eb5d', '2024-09-19 06:04:49', 'rejected', '2024-03-19 20:34:58', '2024-03-29 12:54:37', 'de3dbf6c-e34f-4732-b6b0-fea7b9e338b6'),
('ed8bbd4b-cf9b-4da9-a282-1c6566d2cba1', '7e59d4e8-b71c-4e83-98c9-d76d118eb630', '2024-07-15 04:25:46', 'approved', '2024-03-19 20:36:28', '2024-03-25 16:51:36', 'bc53f941-6b80-4910-8c5f-fd849ac067dd'),
('99e1a736-9c34-4d1b-b56e-74fb6df14cd0', '1603de82-61f1-4a67-ad9b-23bc5d0bca3d', '2024-10-23 17:53:03', 'fulfilled', '2024-03-19 20:38:27', '2024-03-20 13:42:14', '04edd07d-7cd9-491f-b615-4ee53d7e2367'),
('01118afb-f458-4749-b100-449c1271d087', 'c9ba30b9-a588-4ffa-a395-475d5ea74408', '2024-10-07 16:14:43', 'rejected', '2024-03-19 20:41:37', '2024-03-26 06:19:10', 'fcf7f4f2-304a-43cd-aaf5-878c53b5785c'),
('4b979819-8255-44da-85fd-77e94ef5609e', '21a09128-c10b-41a3-849e-8d2a0b95a2a6', '2024-07-08 21:25:59', 'pending', '2024-03-19 20:49:55', '2024-03-26 21:03:01', 'b1ce45ba-59c7-4ef5-b237-a463e4f34873'),
('4ac6f57f-d405-4869-9584-4fbe2b088237', '01e21b50-ee1f-4158-b17c-665c6ffdcd51', '2024-12-24 19:57:03', 'approved', '2024-03-19 20:55:00', '2024-03-28 06:29:34', '71d1db85-1ef4-4283-8e0a-a7b1af44f308'),
('2e23993a-eb65-48c1-a19a-ba599791c496', '306d0257-b24e-4d40-803b-6d7180d3feb9', '2024-11-10 08:10:40', 'cancelled', '2024-03-19 20:57:58', '2024-03-27 06:54:23', '4579f490-4541-4a1b-8b4c-8a4324f502d2'),
('63684d01-33c5-4dcd-a484-2f736bb64e8a', '1c33994a-2e43-4aff-b5ec-42897168f52d', '2024-09-11 07:56:13', 'approved', '2024-03-19 21:06:04', '2024-03-23 21:21:11', 'c93d9e0c-480f-4eef-99e6-57f2102cee05'),
('03ebf08c-03a7-49bf-9c8c-e785902fd430', '431d5126-88e4-4f02-9b32-e48aed167182', '2025-01-10 13:44:37', 'rejected', '2024-03-19 21:08:04', '2024-03-21 21:01:58', '4eae15c3-5475-4af0-9236-4b7eaf90b26d'),
('a8cf1ac6-24e0-425e-81a2-6597b6117887', '63b0e0ef-227a-48b7-8f11-e03e0f227c8b', '2024-09-04 14:07:29', 'cancelled', '2024-03-19 21:16:52', '2024-03-20 16:03:27', '7b7eaa75-1945-44c6-b424-f9da1a51857f'),
('1ee73346-c0cb-4c30-b3c9-0bd92eb7d4aa', '7f9b4e4f-e214-42ff-86b9-6f2f521c37af', '2024-10-24 19:47:33', 'pending', '2024-03-19 21:22:29', '2024-03-28 13:59:05', '17505704-4b4e-491d-afe4-afa74b6267b2'),
('48d597a9-e40a-4f3f-a207-303078e3a305', '7f040792-54a5-42b2-83c7-316362259561', '2024-11-12 14:15:12', 'pending', '2024-03-19 21:30:36', '2024-03-24 21:54:12', 'de5ba3bb-81da-4b87-94db-854bb14fb500'),
('4704c92b-8ba1-429c-b5c6-c4d61fbd8ef8', 'f49f6cf8-1f5a-4064-a159-266dd3fc65ea', '2024-11-29 05:58:51', 'cancelled', '2024-03-19 21:34:33', '2024-03-28 06:48:28', 'd0e90cc5-c7ec-4029-9fe8-afb37a9ca0e4'),
('02a6c349-dd99-4d03-8b3b-b3e86986756a', '1e683364-350d-4ddc-98ec-39cf62b87dcc', '2024-09-06 17:00:25', 'rejected', '2024-03-19 21:41:30', '2024-03-29 06:20:05', '079e187b-1239-4511-8698-1d74fd184cf1'),
('8caa5949-5686-4e6e-91a8-c2429e900689', '652386b2-a3c9-4ed2-a5a1-58a82a27f863', '2024-04-01 05:26:52', 'approved', '2024-03-19 21:47:27', '2024-03-25 20:50:40', 'fae0c740-5ccf-4244-b0d1-94cf3f6f3af6'),
('da32244c-d84b-4611-ab0b-7b2c0d76684e', '5675fe61-d310-4c75-ab38-a25706b18783', '2024-12-24 10:12:40', 'rejected', '2024-03-19 21:52:02', '2024-03-26 00:00:35', 'de359d49-205e-4ff2-8c70-e6b7262a5499'),
('407924b0-5a6d-4304-84e2-c689f91376eb', '5a14a74d-c5c2-4b4d-8724-64e17ed2997d', '2025-01-26 00:06:09', 'cancelled', '2024-03-19 21:53:45', '2024-03-22 00:52:58', 'ea46ef91-8752-4f47-95ab-b0a5d814b8ac'),
('e152ec1d-0fd0-4d5a-8117-f4a46ea0bc01', '53f68b65-d296-4b04-9859-61817a2b4b8d', '2025-01-18 02:46:12', 'rejected', '2024-03-19 21:58:38', '2024-03-21 02:05:57', '1eb957db-10da-46d7-8afb-8c533b97203d'),
('81588a14-8069-4a1c-b38b-d84b3cd99e09', '81c2d741-f08d-4eaa-bdf0-e628abdd66d9', '2024-04-27 02:46:00', 'cancelled', '2024-03-19 22:02:10', '2024-03-29 14:20:45', '7ad61647-067e-47c3-a8ea-802893b05e01'),
('d23a236e-89dc-474b-9b3e-ee2f545934bd', '53bfcdb6-5cc9-4cf5-937a-61b5ed89df42', '2024-03-23 20:59:43', 'cancelled', '2024-03-19 22:11:01', '2024-03-21 23:51:06', '32af720c-354b-4319-aaa8-122aea3fad9f'),
('e04e6afe-2e84-4005-b3fa-16dd91916c38', 'e5283394-2f38-416b-8905-3fe874695058', '2024-11-21 21:01:20', 'cancelled', '2024-03-19 22:16:43', '2024-03-23 01:43:40', 'e68238a5-5c3f-4ac1-b471-fefd71d415c2'),
('1b11dab9-b342-43f9-9c5e-3da45b45d675', 'dfda688d-383a-40ee-abaf-2f81d55f755b', '2024-12-08 16:01:15', 'approved', '2024-03-19 22:23:54', '2024-03-19 22:40:37', '92a1f0ac-fc0f-4cac-bcd6-b4441611de93'),
('aa50ccdc-50ba-41a9-9e90-7d5451900c3c', '97a3c836-3968-4174-a54c-82727f3740ae', '2025-01-08 23:20:23', 'fulfilled', '2024-03-19 22:31:24', '2024-03-29 05:05:23', '76fa40da-a3c6-4b75-903d-a69e28828e6b'),
('c4b6a486-d998-4cd7-a407-98c5bea6a9cc', '22d13fe8-271e-4a77-9761-7afecad4195e', '2024-05-30 19:31:50', 'approved', '2024-03-19 22:40:51', '2024-03-20 09:17:49', '74b1861a-d9a6-4369-9f0f-7b4937c03dbb'),
('c239f20a-2903-4c08-8c0e-aaab1ae6d324', '0f1ae219-64e7-41f6-b2d1-85d7ca590080', '2025-01-14 02:36:03', 'rejected', '2024-03-19 22:47:28', '2024-03-22 03:56:53', '6a232540-c33c-4313-a0fc-622d95ab3591'),
('9c9dcb74-18a5-4408-ae98-25a133512c52', 'd354c9c8-37f4-464e-afe3-330b20d30229', '2024-03-26 05:22:40', 'cancelled', '2024-03-19 22:53:00', '2024-03-23 02:29:45', '222b69cc-e2e8-4a38-841a-f1b98bcb8d98'),
('3ec73145-990b-4d57-9553-4d449d70bf5a', '65b20ac5-b24e-42b5-815c-7d709fbeaaaa', '2024-06-24 04:24:12', 'cancelled', '2024-03-19 23:00:33', '2024-03-29 21:47:41', '77216262-966f-4c9c-b0ac-099b8af239e1'),
('d20b7935-1ff3-44d7-bc78-154cbc28c088', 'e88ba6ad-ca2e-4946-843e-6816262dbeaf', '2024-12-19 21:28:13', 'fulfilled', '2024-03-19 23:06:27', '2024-03-21 03:08:26', 'ac9b8699-8f7f-4335-aabf-6876b1e56e56'),
('c23bcd49-2f30-407f-bed6-5262609d963c', '274e048d-3f7a-49fb-93d1-764baeb84111', '2024-09-25 18:56:48', 'cancelled', '2024-03-19 23:12:41', '2024-03-23 02:24:11', '3204ce8d-2106-4aec-8df9-a13f889e2b68'),
('ee7b3444-97be-4a7c-8d2f-bbfb89a85429', '3c8eed93-daa4-4ae2-86f5-23e9b71b00cf', '2025-02-25 09:18:18', 'fulfilled', '2024-03-19 23:17:30', '2024-03-25 00:50:43', '593dcd37-4504-44a5-b18f-06adb663e361'),
('64e94ba9-574b-419f-9b5f-d7d9987cac12', '6b25b0a0-071f-43c8-910a-a1cca34e437b', '2024-11-01 15:51:57', 'fulfilled', '2024-03-19 23:21:41', '2024-03-21 11:29:31', 'f6c271f8-d358-499f-b952-3a5daa21b949'),
('1a126c74-0695-482d-afe7-41e9e0901048', '30659720-0186-4851-9c87-b3459d3a0ce7', '2025-02-03 00:08:03', 'approved', '2024-03-19 23:27:06', '2024-03-23 22:15:21', 'f45d4abc-ae45-4e22-961c-aeb9d7c959e9'),
('90957c5b-3e2a-4cb2-a573-32c7b7b12563', '4d2fa122-f66f-4adb-973c-a81af0662339', '2024-08-03 01:29:03', 'rejected', '2024-03-19 23:35:26', '2024-03-27 19:03:36', 'a63560a4-6f9b-49ab-82b4-fd94d82b2a40'),
('2c9f574b-9cd1-42de-a773-a75a6620d137', 'c279c1cb-dbf0-49d3-b346-a0917dfb83b2', '2024-04-25 19:39:06', 'fulfilled', '2024-03-19 23:37:26', '2024-03-22 15:46:42', '0cbcbc35-27d3-4edc-bf08-a0bb40034226'),
('4d039602-d0af-45c9-95cf-39dc6112d0e5', '9792b680-2e13-4fae-b252-b59dcfafd8f3', '2025-01-22 07:19:43', 'fulfilled', '2024-03-19 23:43:12', '2024-03-27 05:35:21', '1fffe9d8-b3a2-4c7d-bef1-195c2fae95d6'),
('0fc99af0-0dea-4734-838e-700a8f09d201', '469103bf-83b8-4246-ac16-114f20a48432', '2024-08-09 10:56:26', 'approved', '2024-03-19 23:45:46', '2024-03-20 06:52:41', 'c17104e8-41d0-4cad-93c3-d4fa89ecbe70'),
('0e8c99da-6f18-4878-89db-785279c5d2b6', '536bcd3d-0718-4c0a-94f5-89e2a596b497', '2024-12-16 07:28:31', 'fulfilled', '2024-03-19 23:48:05', '2024-03-28 23:37:02', 'e29ab4cf-e15a-4505-a8be-91e94c7508ef'),
('e30f36e1-237d-41a6-8bcf-23a1761bab25', 'a8432a6e-467a-4cdb-8a6c-29458bd1a566', '2024-12-12 19:24:57', 'fulfilled', '2024-03-19 23:52:13', '2024-03-24 23:04:35', '2448c73a-0ae9-4248-8cfd-d32660d639d0'),
('f9059e4c-bbec-4a18-b277-c52c0e0b6212', 'eb4b4c52-ce93-4668-af83-26f31ae25448', '2024-09-15 15:15:50', 'cancelled', '2024-03-20 00:00:39', '2024-03-26 15:29:25', '42c6996a-a5e7-47cf-b5a8-7f8acda3337b'),
('22dd65da-0b44-4fa9-b0ac-8084bf373a87', 'e8c8023e-df2b-484c-8275-e3dfaf83d6d8', '2024-07-06 04:24:56', 'pending', '2024-03-20 00:05:27', '2024-03-26 09:38:46', '252fb922-41ac-4e39-a4e8-96817273e226'),
('54e7e0db-2589-4411-9c69-e7f7aeb14219', '665fe82b-c2b9-4738-8512-8e9f8bf23d17', '2024-11-24 12:35:03', 'approved', '2024-03-20 00:14:34', '2024-03-23 22:03:53', 'fc108280-6e06-4112-9e4c-376762072843'),
('b1abb257-3b52-4d5e-b1ae-504185d80497', '581e7ef9-1e5f-44a3-abfe-31a1823c189a', '2024-03-21 05:29:33', 'approved', '2024-03-20 00:17:58', '2024-03-26 04:41:39', 'a92d9fd5-63ef-46d5-a34b-067be9b376c8'),
('17bac10e-6e35-4890-b2f2-9e0d76fddb38', '15003f90-27e8-49fd-b9e2-dbbdf184e9d4', '2025-02-25 06:57:27', 'cancelled', '2024-03-20 00:25:11', '2024-03-28 15:58:06', '799c163b-9a69-4030-9c24-eb336cca07a0'),
('f47fd7e8-aa0f-4de5-b800-003f3873a7b7', '7850dc62-bd37-4839-a5d6-3d9cbc5a2357', '2024-10-09 08:54:51', 'approved', '2024-03-20 00:28:06', '2024-03-29 11:56:41', 'c9d1d0cc-4129-47bc-be13-19b6d5f60025'),
('b42abeb1-c440-47c9-817d-7edac32cbab3', '9a50e86c-11f5-4e6a-851c-f7e163633248', '2024-03-25 02:30:32', 'approved', '2024-03-20 00:36:51', '2024-03-22 00:52:08', '624d83e0-b1c6-49b1-80bf-f719830e2894'),
('d354e60c-b38c-48b3-9c0f-63e39a59287e', 'ec655cde-e6f9-44ee-bfba-8181002ca88e', '2024-06-20 17:01:27', 'rejected', '2024-03-20 00:38:19', '2024-03-29 11:36:13', '85b21280-00c7-44ae-b6ba-538f58ef8d65'),
('95493d03-96ec-439b-9764-a7f1529c31fa', '6c829c57-95e4-4a7b-8ad3-efe3514d66f8', '2024-07-11 22:11:39', 'rejected', '2024-03-20 00:40:45', '2024-03-25 17:37:46', 'bc772daf-1953-435f-a512-bd94fc341c62'),
('cf0095e9-3304-44fc-8eba-e20d746ece4c', '1f07d97c-454c-4a88-aa1b-d98349c2cda9', '2024-08-27 15:56:42', 'approved', '2024-03-20 00:45:49', '2024-03-21 02:32:44', '72456d57-e9fd-4c41-b894-543de9590aba'),
('e482f116-8039-47c9-91df-1f201c89c1ce', '4bf26a18-9c76-49a4-8a51-4bcc95706b40', '2025-03-17 16:04:03', 'fulfilled', '2024-03-20 00:53:06', '2024-03-22 03:43:46', '21a639e0-16bd-47b1-88a7-e59e640ba4b6'),
('9bcfa82d-b1ab-410b-8faa-8dcc695863b7', 'bec89e08-1bed-4534-8c4c-dc08f3029ef7', '2024-07-13 19:44:44', 'cancelled', '2024-03-20 01:01:53', '2024-03-25 13:43:29', 'a0df9709-da70-4cca-b18d-0b972aa7c20f'),
('8403aeee-a1eb-46fb-92cf-a4c4b508cfbd', '9d662fad-8099-4438-806b-8a5cc1713210', '2024-03-26 14:07:40', 'approved', '2024-03-20 01:04:03', '2024-03-24 05:23:34', 'b7c91241-bcc6-415e-ab86-5739a8f55c8e'),
('06ab5c68-8500-4538-97d8-1acd155ae77d', '6d63ef06-776f-492e-b40c-5e726ce05241', '2025-01-28 04:39:23', 'approved', '2024-03-20 01:11:49', '2024-03-29 19:01:20', '2a593a66-b6d7-4d68-83e8-02c9f0586c65'),
('d88a52d0-5042-4787-909d-d34b6bf468d1', '1b199e45-b02d-44a6-8110-183a468e27e2', '2024-11-16 07:31:43', 'cancelled', '2024-03-20 01:16:18', '2024-03-21 16:03:36', '541b8d7f-2a37-49d0-bf7c-603e0a403874'),
('f7f23d29-efeb-4f07-8035-0d606001c1f0', '04d23e1c-9485-4b0b-a6ed-4df212569df6', '2025-01-07 07:44:46', 'fulfilled', '2024-03-20 01:25:27', '2024-03-22 12:59:41', 'ddd4a02f-f714-4a55-88ba-f2fc3f5c3910'),
('9743edaf-14f6-48a3-b075-cc4072fb6d6a', 'ed63eec7-b948-444b-9f79-4898892e9e86', '2024-04-13 08:36:50', 'approved', '2024-03-20 01:33:48', '2024-03-22 10:51:01', '4a5c1ff1-9e54-4c8b-affd-6b2e590982e6'),
('27434347-bce0-4721-a999-36cdc1576caf', 'ac499b9d-64b7-464f-bdd4-d5bd88641b71', '2024-04-15 17:15:39', 'pending', '2024-03-20 01:43:19', '2024-03-25 09:05:10', '1d0aa502-6f81-42a1-85bc-51a37e602654'),
('f825af41-9429-4a4c-8f7f-5256b00b1a3a', 'fedf1cb3-c8c9-423c-a2dc-66c19c59c3cd', '2024-05-15 09:52:25', 'rejected', '2024-03-20 01:52:34', '2024-03-27 01:48:10', 'a8c4974c-ae61-4781-aa12-8a6f11df25f6'),
('a1a41ea4-6db5-4a55-b968-f86a67a44d34', '3887959d-5987-4309-848c-9938598816dc', '2025-02-07 19:45:56', 'pending', '2024-03-20 02:00:21', '2024-03-28 06:29:29', '021e27ae-9fb8-4b26-9f93-08a78680af90'),
('e740df4b-3187-44bb-ac25-c2285df85d40', 'f76d5e02-1051-47cb-9629-b3409e7882dc', '2024-07-16 02:02:38', 'approved', '2024-03-20 02:08:56', '2024-03-26 01:03:44', 'e031e0b9-6b78-4482-8efd-e488f9cc2b77'),
('87585bfa-7e41-4aed-8e7b-20688e255532', '1a7f796b-facc-4d36-b937-8b7b92bce2b0', '2024-10-06 13:00:13', 'cancelled', '2024-03-20 02:10:36', '2024-03-26 08:27:10', '3f841422-0c78-4a7e-868c-e5ad4840b387'),
('ef2f4dd1-96d4-4e27-93bc-0cedbe100e3e', 'a80ece5d-40f5-4be0-97e2-ff07ddaf7c0c', '2024-10-21 12:12:54', 'rejected', '2024-03-20 02:20:01', '2024-03-21 09:34:50', '67c75d9a-9774-4d65-90e3-a95322245c34'),
('2be62536-deda-4f64-a0a5-134c23572023', '28329bb9-aca9-40a5-93c2-4a02f1840f70', '2025-02-24 11:20:27', 'pending', '2024-03-20 02:24:10', '2024-03-23 11:33:40', 'aaac8432-3461-4199-8f61-aabbb1855460'),
('bf3e7994-042f-46d0-9bce-151d171de019', 'a84f201e-399f-4b7d-91dd-9ba1b147f659', '2024-08-13 17:20:18', 'pending', '2024-03-20 02:33:12', '2024-03-25 11:05:38', '395372c7-d9f6-46f8-a14c-bb86d65bd6f1'),
('de256a33-0155-4ab4-a65b-13c5b18ad945', '516335ec-2b9f-446f-becf-0d0ca8d74ce7', '2025-01-21 01:03:22', 'approved', '2024-03-20 02:39:14', '2024-03-25 22:12:17', '77d4685c-aef7-4b75-bd03-9877a8d49e89'),
('84749b8a-68a1-4c3c-8132-fa2eebe9822c', 'b3ec69bf-b23d-4e2f-864c-0211a8893f1f', '2025-03-12 03:44:22', 'cancelled', '2024-03-20 02:40:42', '2024-03-22 17:29:23', '90c054bb-1e8b-4af1-80a0-a1dddb5db0b8');


INSERT INTO "books" ("book_title_id", "edition", "published_year", "barcode", "status", "id", "created_at", "updated_at") VALUES
('7bb33637-8352-441b-a055-968dd4f1da6c', '43440869529577289642827443430471248126742155747                   st                   Edition', '1905', '0882127900057', 'checked_out', 'bcbb353b-4157-49b4-bb0b-6eb2c2d27bb6', '2024-03-19 17:35:17', '2024-03-24 18:43:46'),
('113a3612-adba-4aab-8db2-b2f44a449296', '640533390911136591753971673797579885750853726430538                                                                         st            Edition', '1951', '3866440291245', 'damaged', '15003f90-27e8-49fd-b9e2-dbbdf184e9d4', '2024-03-19 17:36:46', '2024-03-26 05:01:32'),
('f4644464-8326-44d3-9f57-5c3d4b3832a6', '882654462535813091373364487439454622895997322558654277978                                                                                          rd                                                         Edition', '2014', '3475094055309', 'lost', '3c8eed93-daa4-4ae2-86f5-23e9b71b00cf', '2024-03-19 17:45:27', '2024-03-22 00:37:44'),
('6c472913-8a16-4616-b068-81331015be7e', '47496367875641557887983927125834846937                                                                                        st                            Edition', '2019', '5831871989760', 'archived', '549899cb-1a65-44aa-a01e-2b1a783bd235', '2024-03-19 17:51:32', '2024-03-26 09:26:23'),
('158d5088-f139-468c-b199-9afbb4e72155', '995153898484674094752429260292639013161560648984496422734119213726058776250933318809615462599009424                          st                                                      Edition', '1919', '6850654051009', 'available', '3887959d-5987-4309-848c-9938598816dc', '2024-03-19 17:53:21', '2024-03-25 16:41:15'),
('cb2f7d44-7298-47b8-8ec5-f64ec1ebfc22', '815324918810727700867244332656                                               rd                                        Edition', '1969', '2890983180434', 'lost', 'bf1395d8-18ed-4649-815a-45a2cd0cde2a', '2024-03-19 17:56:14', '2024-03-28 21:45:16'),
('d37015fc-8b2e-4e43-bf95-ca8b26204155', '38380489296219579739930007110205621726948715254310756543475086150726729998                                     rd                                                                                  Edition', '2011', '2118306028361', 'in_processing', '4bf26a18-9c76-49a4-8a51-4bcc95706b40', '2024-03-19 17:59:53', '2024-03-23 17:24:25'),
('94fdd09c-eb5b-4204-9338-97c21810a899', '504358999171700210449022638016258415135029639542804150678849036569351    th                     Edition', '1967', '0450620131988', 'archived', '21a09128-c10b-41a3-849e-8d2a0b95a2a6', '2024-03-19 18:08:25', '2024-03-29 16:41:07'),
('e963c146-c693-4480-9287-8988e7b0427c', '2252                                                   st                                                                   Edition', '1992', '5458972802289', 'lost', 'ec655cde-e6f9-44ee-bfba-8181002ca88e', '2024-03-19 18:16:29', '2024-03-24 07:18:02'),
('e37df673-5f5d-4394-b8a4-661658957cd8', '550085831222278504560132054446369589978814418659419242861562515533583415780533490258582456       nd                                Edition', '1937', '9452569007852', 'archived', 'a8432a6e-467a-4cdb-8a6c-29458bd1a566', '2024-03-19 18:24:24', '2024-03-20 08:00:46'),
('a3a55718-0a23-4fe7-bbca-7816d78284e0', '555384918940447857072858394909666087464815138811977                                                                 st                                                          Edition', '1995', '9505569703833', 'on_hold', '1b199e45-b02d-44a6-8110-183a468e27e2', '2024-03-19 18:26:47', '2024-03-28 14:17:20'),
('056c574c-e0fa-49e1-a62c-1cbcfe7e7d49', '142006546815410192318667718687847167062666241802328004014236811584736042621                                           nd                        Edition', '1976', '4151800428370', 'damaged', 'a84f201e-399f-4b7d-91dd-9ba1b147f659', '2024-03-19 18:30:16', '2024-03-25 20:30:55'),
('a4b22fcb-cf5b-4f2c-b83c-d3b59049d3ca', '44542512275203204932255045550568131816461455370596658937637                                                                                                nd                                                                                                   Edition', '1971', '5651011695265', 'lost', 'f5d0b550-9873-4714-bb4d-62d8231c091f', '2024-03-19 18:34:30', '2024-03-27 00:40:17'),
('7be1008e-63cc-4150-9ed1-058ae1604ceb', '96365263801564929217                                                                    rd       Edition', '2015', '1993768643149', 'in_processing', '7850dc62-bd37-4839-a5d6-3d9cbc5a2357', '2024-03-19 18:41:09', '2024-03-19 22:34:17'),
('1202e58d-4dbc-4106-a553-ed87c3b00f25', '816025508685950000144991301493                                                 th                           Edition', '2001', '4805269192643', 'damaged', '7f9b4e4f-e214-42ff-86b9-6f2f521c37af', '2024-03-19 18:50:11', '2024-03-21 00:49:11'),
('a6e7ed89-1a70-41df-b3d1-d6aad2f77b65', '4774023307900361412337411697974173700493543009956937788916819002792360966199341621884215392414341           st                                            Edition', '1944', '3028589709347', 'lost', '26734465-d1a8-4c03-a264-af95f7126eff', '2024-03-19 18:51:42', '2024-03-25 22:54:55'),
('66c42e8b-b51a-4a0d-9956-dd7d570ceb30', '496157309483653413601483201470345166906153277229532895159085983055115                                                   nd                                                                                         Edition', '1987', '4665128698354', 'available', 'dfda688d-383a-40ee-abaf-2f81d55f755b', '2024-03-19 18:53:21', '2024-03-22 19:05:10'),
('17c9e742-3a37-41e7-b85f-7cde666e6c7d', '77419277464410871637406828734103993546994101953978331753612556375455474860414509922956082104518310               st                                         Edition', '1974', '8440406855319', 'lost', '274e048d-3f7a-49fb-93d1-764baeb84111', '2024-03-19 18:58:59', '2024-03-28 05:32:31'),
('e58e5209-5c04-49e0-87be-c7ae285de47d', '81733323848439742140009871631928688                                                          nd                        Edition', '1995', '8968330977148', 'on_hold', '1643fa75-c3f5-4f99-aac7-9d05f65e5a8f', '2024-03-19 19:04:32', '2024-03-27 13:58:49'),
('d30b793c-b7d8-4482-b1c5-8da8941da072', '2110117673767998765753047696690127067877635027540790084143260211433892296751204719                  th    Edition', '2017', '8219413307157', 'on_hold', 'a80ece5d-40f5-4be0-97e2-ff07ddaf7c0c', '2024-03-19 19:12:19', '2024-03-29 09:27:11'),
('7a382c22-cb74-4913-a655-c25b1f98b2d4', '337638524085572140379354231361097551933859862315707070487                                                                                                  st                     Edition', '1901', '5194307543331', 'available', 'a88a248e-9eac-49d5-b89d-bdd74d8f97c4', '2024-03-19 19:21:03', '2024-03-21 18:29:37'),
('851e5870-0f12-4433-9dbc-37a70779eed4', '792041472170044190      st                                                          Edition', '2013', '1257395026107', 'archived', '7c76b07d-d75e-424c-a692-88b234e2f5bc', '2024-03-19 19:28:30', '2024-03-28 16:53:48'),
('bd1c47c3-826b-4077-9995-0c5e528f4d3f', '72085355342793588972027158945778126843597215967538832724710192857191973807957608582543757322298109             th                                      Edition', '1947', '6315783220965', 'on_hold', 'c279c1cb-dbf0-49d3-b346-a0917dfb83b2', '2024-03-19 19:38:02', '2024-03-25 21:53:47'),
('f3afc54e-493a-441a-a0c9-e84d73d2c00c', '252747567353257831856351087716357557640853324383828453023340066015036344059287        nd                                                                        Edition', '2004', '4105898057880', 'lost', '64c4c2c5-0c84-4e65-a36d-34ae207539c2', '2024-03-19 19:41:06', '2024-03-21 00:05:02'),
('30d7e393-68e4-4596-8fda-39697b431009', '57902817099790455076401866152443286106847822181542000501233178463671371                  st                                          Edition', '1983', '3044697248848', 'in_processing', '01e21b50-ee1f-4158-b17c-665c6ffdcd51', '2024-03-19 19:46:25', '2024-03-24 04:49:11'),
('f35cd047-c7c3-4b9d-a91e-4a263eab7c04', '7674641068701491266771422998012892                                                                nd                                                                                                  Edition', '2001', '7651693694576', 'damaged', 'dbc7b587-baef-4c60-b700-d22743990904', '2024-03-19 19:51:59', '2024-03-24 17:20:49'),
('624d6945-22b8-4d8d-b3c9-0ae35113cc8a', '2725567265460174573200033736781257575636563752423171055977192428686892                                                                                    th                                                                 Edition', '1945', '1325162886475', 'checked_out', '8656fcbd-c55e-4955-bf95-4a40ef61b799', '2024-03-19 19:58:50', '2024-03-24 19:23:25'),
('73762c05-e852-4b89-bf3d-a3d777e5a34f', '861217205511194566208789780156477                                                                                               rd                                                                             Edition', '1966', '7883574841083', 'lost', 'f76d5e02-1051-47cb-9629-b3409e7882dc', '2024-03-19 20:02:10', '2024-03-23 08:58:28'),
('1afb2da8-e350-48ea-9c29-49db34627b27', '2959234663340567836893281632052897076199564615289792295613      nd                               Edition', '1926', '1853057167625', 'checked_out', '7f040792-54a5-42b2-83c7-316362259561', '2024-03-19 20:08:03', '2024-03-28 06:51:26'),
('7fc23b3e-d53b-4ba9-bdcc-9396c4201a13', '82702657980844075477030991214192820839950983291475327022986519538              nd                                                                                   Edition', '2018', '1748130109597', 'damaged', 'bec89e08-1bed-4534-8c4c-dc08f3029ef7', '2024-03-19 20:13:09', '2024-03-26 20:44:55'),
('205f645b-d454-4d39-9e68-cdba65fd1c21', '29564713677864547896728668672651355287509553465933538222                                                                    th                                                                            Edition', '1960', '8155981927668', 'checked_out', 'afdeab7b-1746-4f0e-b209-f699db77f735', '2024-03-19 20:17:32', '2024-03-23 12:36:54'),
('9fb0e43f-59b7-43f0-8cbc-ef91159a10a5', '31831600157423969823905413945288669974830470664138924896365470674285224812102622              st    Edition', '1975', '8070819627245', 'reserved', '8094ed21-a4da-4de1-88f3-a4e5888abf14', '2024-03-19 20:19:34', '2024-03-26 11:03:38'),
('e0cc570d-b570-45bb-a135-d5951a80946b', '354                          rd                                    Edition', '1917', '0574158950924', 'available', '6b25b0a0-071f-43c8-910a-a1cca34e437b', '2024-03-19 20:26:03', '2024-03-26 22:17:35'),
('daa11319-4d27-4f6a-a793-e445aec0cb2c', '6246888445836819076336158948039705139208523451529845421771102198968695261                                           st                               Edition', '1982', '2524466340979', 'available', 'dfaaaf86-3269-4f79-bc87-392863a0d942', '2024-03-19 20:29:50', '2024-03-24 07:28:12'),
('71b3e9d4-5ffb-4b60-b514-876f2a26978d', '9389480099382751581735465558184183006392582673                                                                                            st                          Edition', '1977', '8958237452502', 'archived', '9792b680-2e13-4fae-b252-b59dcfafd8f3', '2024-03-19 20:38:52', '2024-03-28 15:46:50'),
('76fd4120-5628-4336-a75a-1fdf8691ba29', '6967110222320073452866426964958228453046044738137560993025182858200725962                                                    th                                                                                    Edition', '1993', '0890132978694', 'damaged', 'f757eac3-d390-4d11-bdc7-4650dd762e05', '2024-03-19 20:47:47', '2024-03-21 19:32:34'),
('705afd97-c072-4fbe-813c-5bd687a04b6d', '33618920835512212585673646122128302204267                                                                  st                                      Edition', '1950', '1784273377232', 'in_processing', 'ff1d3230-058e-4696-9acf-83b49927eb5d', '2024-03-19 20:57:37', '2024-03-25 18:48:36'),
('63e46d36-afbe-4b66-94e5-926956ff9c8e', '5486201201544973464252899393450786769363937404389036054                                                                                              nd                                                                                        Edition', '1907', '9913223262431', 'in_processing', '9c2d4bac-52af-4125-92ee-ad1b1be5c0e5', '2024-03-19 21:00:45', '2024-03-26 01:54:42'),
('ea396d68-c29e-4831-b6c4-35541bfdf103', '4996061300914863999779180488455047919829144943769608456219671110889996428166694551231026806595      nd                                                     Edition', '1902', '6384745179236', 'damaged', 'b19c4393-d1bd-40d7-89d2-6fb9163235d8', '2024-03-19 21:03:09', '2024-03-20 15:31:20'),
('68651f52-ea06-4532-8c06-2f4b83c7b4d9', '5037022706921513418620122850717698                                          th            Edition', '2001', '1633268604561', 'lost', '984a4ccb-4c83-425b-8c05-9f2036789d0a', '2024-03-19 21:09:06', '2024-03-23 10:49:09'),
('b0ef911d-d951-4108-86a1-696f512a708f', '40876941                      th                               Edition', '2012', '7895069639339', 'on_hold', 'f49f6cf8-1f5a-4064-a159-266dd3fc65ea', '2024-03-19 21:14:58', '2024-03-23 02:38:41'),
('0bb01261-8a59-4b8e-a0a7-65676e7cb6b4', '34450681758587415492597445836672029591204198420063457388818650                                                          st                                                      Edition', '1944', '1953310055161', 'in_processing', '22d13fe8-271e-4a77-9761-7afecad4195e', '2024-03-19 21:17:33', '2024-03-27 08:15:30'),
('f47ffa33-6715-4bcb-a1e6-9d872fb5218b', '34572952076658710050378705955806488256153417836941831398591190                                                        rd                                          Edition', '1940', '7369792083367', 'damaged', '536bcd3d-0718-4c0a-94f5-89e2a596b497', '2024-03-19 21:23:32', '2024-03-28 09:13:31'),
('97f6448e-6426-4632-9c9b-81a23aa03787', '727389438777127397752922681360590564593046743219492000970414991859975533262045606610903211222739623                                                                                nd                                                                                                Edition', '1923', '5419896396401', 'in_processing', '53f68b65-d296-4b04-9859-61817a2b4b8d', '2024-03-19 21:30:44', '2024-03-29 16:49:51'),
('2f692828-2079-42f4-8678-83b8c69f0086', '54668498912895760012396309028597981429157992184318100540113961613928483370                                                                                        th                                                                                           Edition', '1906', '7589008705859', 'available', '1fb1969c-bd81-40c1-b27a-bb05f26c5aae', '2024-03-19 21:34:49', '2024-03-25 23:02:10'),
('def75b45-635c-4763-b65a-5081e194d9f2', '5226685328039180388769492417209436408887230283140688008029193               st Edition', '1902', '5179814605742', 'lost', '4d2fa122-f66f-4adb-973c-a81af0662339', '2024-03-19 21:40:24', '2024-03-25 02:28:10'),
('b81d7687-3e35-430f-89ea-e9ac0afbac55', '320946042070807444742923069793345996900550681197716362627969258820885505869608304st                     Edition', '2012', '6878978559529', 'on_hold', '04d23e1c-9485-4b0b-a6ed-4df212569df6', '2024-03-19 21:50:23', '2024-03-22 06:33:20'),
('ca39e7fc-2faa-4ee5-94f7-fe1b25469eb8', '335280019                                             th                                             Edition', '1994', '7833990666643', 'damaged', 'e6c87c2b-cd31-4e20-987c-f2526c0868eb', '2024-03-19 21:58:36', '2024-03-20 06:56:38'),
('188d8293-d972-42e3-9840-5b161e48d86f', '538795581893906064452413     th             Edition', '1984', '8562055270072', 'archived', 'e8c8023e-df2b-484c-8275-e3dfaf83d6d8', '2024-03-19 22:06:54', '2024-03-29 22:05:17'),
('6c042443-6ea2-4787-82a1-088d45308243', '4064418812015349829336073175               rd                                                                                        Edition', '1944', '3125197107189', 'damaged', 'ed63eec7-b948-444b-9f79-4898892e9e86', '2024-03-19 22:08:05', '2024-03-27 09:58:55'),
('d4c52a60-f954-4fcf-b372-b090725f2156', '9510151714927471677840487185360289513719544407303                                                                                             rd                Edition', '1959', '5135493287435', 'in_processing', '652386b2-a3c9-4ed2-a5a1-58a82a27f863', '2024-03-19 22:10:56', '2024-03-26 22:13:07'),
('6da4e6ef-d62f-4d0a-a4c5-f61a0e4e5d58', '8124392443152521271287027267164669829563529062089495577584625319162585435252542555600815                                                                                 nd                                                      Edition', '1983', '8105000042325', 'available', '7a0c243e-400b-401d-9614-e427ebd9e3d8', '2024-03-19 22:12:04', '2024-03-23 02:20:30'),
('eafe86c3-5807-4f1a-9097-157dca193db0', '5709707625756954206                                                    nd                                                      Edition', '1903', '5161213398459', 'in_processing', '6a47253e-8e39-4ea1-8d91-e1dbf42d5e6c', '2024-03-19 22:20:10', '2024-03-29 12:32:46'),
('a16a6ddd-e854-4ed8-88c2-10961bc549c9', '1696156205592348321100622                                                                       th             Edition', '1997', '4298119230443', 'available', 'c9ba30b9-a588-4ffa-a395-475d5ea74408', '2024-03-19 22:23:14', '2024-03-28 03:33:15'),
('42a0ef92-8f27-41ab-b190-0c35046e3035', '3358158615332371815895531291397158912729244926028210368035640882019683889973258613798037936                                                   th                    Edition', '1998', '7842158911453', 'damaged', '665fe82b-c2b9-4738-8512-8e9f8bf23d17', '2024-03-19 22:31:55', '2024-03-25 19:36:21'),
('096ab469-b118-4095-a295-12f9f6146233', '2540967813192444528846                               rd                    Edition', '1900', '7092003604727', 'available', '09806a41-b885-4501-933b-905298e8714e', '2024-03-19 22:40:14', '2024-03-27 12:48:15'),
('12294895-6601-4c67-bb44-48509a002078', '5893907769837897094523235976739941626018649336821779282221542276703269641764654615124501453885                            st                                        Edition', '2005', '0390161402091', 'in_processing', '516335ec-2b9f-446f-becf-0d0ca8d74ce7', '2024-03-19 22:43:58', '2024-03-20 01:04:39'),
('0bd19e9d-67e9-4238-9100-430c425d050c', '757949361643802838832962207                                                           nd                                                                                  Edition', '1934', '1986921221404', 'on_hold', '8ad868f0-7cff-45fd-a5ee-ea47135fd5db', '2024-03-19 22:50:59', '2024-03-28 13:08:36'),
('5267e644-4faa-4136-a037-7800516fea7c', '19118912561738889430326761726404320706846164090994797888675503419208572548220724780613                        rd                      Edition', '2021', '3642573262937', 'damaged', 'b3ec69bf-b23d-4e2f-864c-0211a8893f1f', '2024-03-19 22:57:08', '2024-03-21 05:30:27'),
('0a34355f-40db-4d8a-a293-6dd35b85480d', '194677036684715754029919530260115163910920573218933037406686634464942871                                                                                             st                                Edition', '2020', '1128204869591', 'archived', '1c33994a-2e43-4aff-b5ec-42897168f52d', '2024-03-19 22:59:46', '2024-03-21 02:03:53'),
('b32c69ef-0993-487e-ab58-032d7c52024e', '5297048080517379683                                                                              st         Edition', '2015', '0572115575333', 'checked_out', 'fedf1cb3-c8c9-423c-a2dc-66c19c59c3cd', '2024-03-19 23:02:50', '2024-03-29 20:41:51'),
('e76dfb2c-610a-4252-beec-4dcf176ccb42', '69706800616162004870993727069315846721895019027802127686369649473570322074049                                                                                    st                                                                                   Edition', '1909', '4075323860038', 'archived', '6333e0c9-18db-4dbb-87c4-3a522d4d5c66', '2024-03-19 23:08:53', '2024-03-21 10:25:04'),
('954b9563-2105-4be0-8a5b-1fd0fc4f25e6', '30652982154941315171379652485893246513099                                                          st                                                                 Edition', '1933', '6802248515951', 'archived', '53bfcdb6-5cc9-4cf5-937a-61b5ed89df42', '2024-03-19 23:15:57', '2024-03-24 21:05:52'),
('51514d2f-b839-48f1-b1b2-8994acadf116', '195908763963194565446130886281071010652767447591148                                                        th                                                                        Edition', '1906', '7707657691085', 'available', '581e7ef9-1e5f-44a3-abfe-31a1823c189a', '2024-03-19 23:19:09', '2024-03-20 14:08:44'),
('32cb7404-78c4-4e72-8678-a295b1141e27', '5177076763636818487                                                                                               nd                        Edition', '2008', '8850433563520', 'in_processing', '3c4d60b9-5c45-412a-bef7-2881630cb11b', '2024-03-19 23:26:51', '2024-03-29 00:44:23'),
('9650d90e-5eef-4eb6-bd9f-5ec60027917b', '203888379972739190896175080223711353108567233184605460873834396425167166004912821109443269502                                                                               nd                                                                    Edition', '1940', '0293502495839', 'in_processing', '7e59d4e8-b71c-4e83-98c9-d76d118eb630', '2024-03-19 23:34:56', '2024-03-26 10:16:35'),
('5f5c6b93-4c6e-4f0f-a6a1-af18e60a1545', '2123171325440858551655                   th                       Edition', '1967', '1837367248086', 'damaged', '0f1ae219-64e7-41f6-b2d1-85d7ca590080', '2024-03-19 23:40:24', '2024-03-26 22:17:59'),
('406310d6-dd94-4085-983d-7a625bac108a', '15253503512                rd                         Edition', '1988', '6918378542257', 'checked_out', '63b0e0ef-227a-48b7-8f11-e03e0f227c8b', '2024-03-19 23:50:01', '2024-03-28 09:03:08'),
('6e8d4a27-aba6-423a-a996-e576e51ba785', '70375833763236717791487946483068928822                                                                                           th  Edition', '1982', '5900882777711', 'archived', 'e2a51658-e2fc-4637-bade-7d07d4886658', '2024-03-19 23:58:42', '2024-03-23 11:20:27'),
('5e470698-8a36-4e81-9290-bfe5ab3128b5', '3024946222390015498657178478343528837507809834196209276970                                                                                           th                                   Edition', '1976', '8559835029494', 'lost', 'ac499b9d-64b7-464f-bdd4-d5bd88641b71', '2024-03-20 00:00:32', '2024-03-26 14:50:50'),
('9fe7f56b-b658-4e39-9db2-14ab2d24cb6b', '920737673656347045345394537726101647505638200027921609861128743419416791751                                                           nd                                                                            Edition', '2005', '6507702853316', 'damaged', '30659720-0186-4851-9c87-b3459d3a0ce7', '2024-03-20 00:02:57', '2024-03-27 10:35:13'),
('3bfe584d-3aca-4486-ba4f-849cf7d0b10e', '845890465282400256822570153084250                                                                          th                              Edition', '1937', '6577368780389', 'archived', '469103bf-83b8-4246-ac16-114f20a48432', '2024-03-20 00:12:27', '2024-03-25 23:06:45'),
('0d131398-a31e-4dbe-a5ae-8fb502a813c7', '7706446096016366570865708338403606688611239603710038562346877125062690863290                                              nd                                     Edition', '1968', '3761848700742', 'on_hold', 'e88ba6ad-ca2e-4946-843e-6816262dbeaf', '2024-03-20 00:17:16', '2024-03-23 16:57:08'),
('907d9f8f-a093-4949-b409-65c06d274517', '54856507731945                                   rd                                                                                            Edition', '1975', '0960384192682', 'lost', '431d5126-88e4-4f02-9b32-e48aed167182', '2024-03-20 00:19:50', '2024-03-26 12:56:26'),
('84c20ba7-2d33-4058-bd95-f67fc181a163', '4628937035512001782450145438230595955533056855815989946878478                                                                       rd                                                                                            Edition', '1974', '5476356405510', 'available', 'da88092b-9abd-4022-8c40-71d300d2c846', '2024-03-20 00:26:25', '2024-03-28 08:32:57'),
('58a2a791-3f02-4386-b562-5a821c431140', '39107467070567689405718033784187430534061807646                               st Edition', '1971', '3244258162327', 'available', '0110f674-4415-4cc6-ac2e-8891aca3c498', '2024-03-20 00:29:51', '2024-03-26 23:16:46'),
('023b96c1-5bd4-4a52-8025-a97ecc065f58', '9658892023336108732                 th                                       Edition', '1948', '1155289745852', 'available', '6d63ef06-776f-492e-b40c-5e726ce05241', '2024-03-20 00:34:37', '2024-03-29 15:18:26'),
('eebbac2a-3832-441e-8b41-b16ee6e3ea93', '484033448476758813952108614913057784400396459608062818            th        Edition', '1915', '1875406558850', 'lost', '5a14a74d-c5c2-4b4d-8724-64e17ed2997d', '2024-03-20 00:36:15', '2024-03-21 10:12:14'),
('7446945b-e115-4af2-b192-59e7b2ad1405', '73516428948487103166655606123375189506636397375213688999895924726611605047452307795                                               rd                                                                                                Edition', '2005', '1668047893487', 'reserved', '1e683364-350d-4ddc-98ec-39cf62b87dcc', '2024-03-20 00:44:23', '2024-03-24 23:29:28'),
('7c8e6a9f-3266-41f0-9fd2-4a8f99a37e79', '409572443857200617745423609500096583358968812133299218459310628269117321                                                               th                                                                            Edition', '1960', '4680129520634', 'checked_out', '6f27ff78-91df-44e0-bdbc-3d51f85ab5e1', '2024-03-20 00:53:42', '2024-03-20 13:14:33'),
('89f6f630-628b-460e-bf5d-669bcda1f89f', '73446687151539668726700233784560838906306357727635510916                rd            Edition', '1972', '3714087510217', 'lost', 'c0b72a93-f326-4100-a571-2092cd7069dc', '2024-03-20 00:57:04', '2024-03-29 23:37:32'),
('e73d6e93-970e-4a33-b102-62d503ba4104', '32140082536535515256659457035648523650984773418606902491998581154397492678267   nd                                                                          Edition', '1966', '0053319828818', 'in_processing', '97a3c836-3968-4174-a54c-82727f3740ae', '2024-03-20 01:00:38', '2024-03-26 21:35:59'),
('5d33bec1-4ae0-43de-8f7d-21c89415b349', '5916577625130469161352352093775619                                                                                        th                                                    Edition', '1932', '2477692398944', 'checked_out', '1603de82-61f1-4a67-ad9b-23bc5d0bca3d', '2024-03-20 01:08:01', '2024-03-29 05:25:17'),
('38ac609b-c477-4b7e-a667-51302dab4ab7', '9781727663708071837553787639579889414053359                                                                                          th                                                            Edition', '1912', '1947716584479', 'on_hold', '65b20ac5-b24e-42b5-815c-7d709fbeaaaa', '2024-03-20 01:16:19', '2024-03-22 05:24:35'),
('a901729f-937f-4d3f-8301-7228ad781017', '223041526160250160528207122429622700744473747373810525161                  th                                 Edition', '1970', '6817684105451', 'in_processing', 'ac3f141f-6702-4afb-a9ff-5b46850f911a', '2024-03-20 01:23:44', '2024-03-27 01:59:29'),
('9f99a8a0-6e8d-45d7-b02b-958c12689923', '3367093326510039366207884369130064413459516466274     st                                            Edition', '1938', '2555393762078', 'reserved', '28329bb9-aca9-40a5-93c2-4a02f1840f70', '2024-03-20 01:32:51', '2024-03-27 09:01:54'),
('b457f223-2f5b-4c0a-89a7-fa8e424d0d06', '18214623814176038592952919219635                                      st                                       Edition', '1969', '2350548741852', 'reserved', '6c829c57-95e4-4a7b-8ad3-efe3514d66f8', '2024-03-20 01:36:08', '2024-03-29 16:58:30'),
('abab925e-a6ff-4e4d-bb1d-51163d561265', '8142399527634522388783980                                                                                                 st                                                                                        Edition', '2020', '9078238339497', 'lost', '7e563a28-776c-460b-9cbb-a009d9d94130', '2024-03-20 01:39:45', '2024-03-21 22:09:23'),
('4be3b941-e39e-4434-898e-a5ee8f731394', '485173769130854259972378183329612083854748429379303039417227082582                                                        nd                                   Edition', '1957', '2648673198529', 'on_hold', '9a50e86c-11f5-4e6a-851c-f7e163633248', '2024-03-20 01:44:31', '2024-03-29 04:32:49'),
('c3809119-f8be-4319-a016-7ae1a5eb8817', '1533499260465031592065211542860787628654178261275764353337556                                       th                                                                                        Edition', '1906', '8179346905463', 'on_hold', '81c2d741-f08d-4eaa-bdf0-e628abdd66d9', '2024-03-20 01:50:43', '2024-03-26 09:46:33'),
('9ff63119-6d81-462c-a862-ede9ffad20a7', '495681436917257149711526512372443854287825243400981804304709330374927697130                  rd       Edition', '1923', '9524870943532', 'in_processing', '01d5e7e7-6bc3-49ce-82c0-99a6b812c28f', '2024-03-20 01:54:30', '2024-03-28 22:22:53'),
('30fa1a40-5d5a-45cc-b0f0-c12f786b614b', '33320994741330337402779103727795806777646155402                                                                               rd                                                Edition', '2009', '6851730512505', 'checked_out', '1f07d97c-454c-4a88-aa1b-d98349c2cda9', '2024-03-20 01:59:09', '2024-03-27 20:29:34'),
('3e1934bb-4e39-4f85-a6d6-520cc2f4f6ff', '21016193375448921088785707449739307393441176077863060127133885545241261439505940021584987686510826                                                              rd                   Edition', '2001', '3289046100511', 'checked_out', '5675fe61-d310-4c75-ab38-a25706b18783', '2024-03-20 02:07:16', '2024-03-28 12:51:39'),
('69bbedae-f766-4d25-81f5-156e6635db64', '129811481585146677554549154564125792439254244360524647867267238970          nd                                                                                               Edition', '2021', '6065418657786', 'checked_out', 'd354c9c8-37f4-464e-afe3-330b20d30229', '2024-03-20 02:16:13', '2024-03-29 15:30:48'),
('78f25b18-04f3-4c85-8132-179ba497715a', '476323559676952844392185591542503994                                                                                               nd                                                 Edition', '1981', '8707903943416', 'available', 'e5283394-2f38-416b-8905-3fe874695058', '2024-03-20 02:18:29', '2024-03-28 08:40:47'),
('68209980-e059-4a80-a48c-2962e75a9839', '946629043881343386151536790230015156628316274616770107138284662377192839938326                    rd                                                                  Edition', '1972', '2272012021211', 'available', '9d662fad-8099-4438-806b-8a5cc1713210', '2024-03-20 02:27:12', '2024-03-28 23:54:37'),
('98a8c053-87bb-438c-ab46-1369424b26ed', '21246154957946268585995725973069454119741410498101414884043709333516316572627964    th                                                                      Edition', '1943', '5001990182367', 'damaged', '46715112-76b6-446e-a93f-8c35cdb23922', '2024-03-20 02:32:22', '2024-03-25 01:46:42'),
('6ba2cb4e-9907-47f6-ba32-1e3b94702f04', '86354420034388935542319861883589465019002667514083573085365215062411642441142548021228701                                                                                       st                                                                               Edition', '1901', '3112850746789', 'in_processing', 'eb4b4c52-ce93-4668-af83-26f31ae25448', '2024-03-20 02:37:48', '2024-03-27 14:54:15'),
('b773bf0f-327c-4911-a9cc-1a85412a72d6', '1926701199333029107771659802                                                               st                   Edition', '1917', '9813977525590', 'damaged', '1a7f796b-facc-4d36-b937-8b7b92bce2b0', '2024-03-20 02:45:13', '2024-03-24 03:22:51'),
('57768ee6-3b95-4acd-89ce-146a4bf4b78c', '9114454                                 nd                           Edition', '1952', '0683610025786', 'reserved', '306d0257-b24e-4d40-803b-6d7180d3feb9', '2024-03-20 02:52:45', '2024-03-29 02:20:57');


INSERT INTO "book_titles" ("title", "author", "isbn", "description", "publisher", "category_id", "id", "created_at", "updated_at") VALUES
('Electric Griddle', 'Ulises Halgarth', '910-07-31-8773856-9', 'Facile explentur sine ulla iniuria, quae autem inanes sunt, iis parendum non est. Nihil enim desiderabile concupiscunt, plusque in ipsa iniuria detrimenti est quam in iis corrigere voluit, deteriora fecit.', 'Equity Lifestyle Properties, Inc.', '0d472745-d2f8-4199-8a14-cde04d6a5f9b', '42a0ef92-8f27-41ab-b190-0c35046e3035', '2024-03-19 17:35:17', '2024-03-27 09:38:20'),
('Avocado Lime Dressing', 'Stanislaus Goodwill', '314-524-37072-07304-1', 'Amicitias comparare, quibus partis confirmatur animus et a falsis initiis profecta vera esse non possunt, victi.', 'Oncobiologics, Inc.', '2263ecf9-b9c8-43c1-b4f9-cad1620f4e01', '30fa1a40-5d5a-45cc-b0f0-c12f786b614b', '2024-03-19 17:36:29', '2024-03-27 08:44:08'),
('Pumpkin Spice Granola', 'Honor Fairholm', '523-1-407-5-2', 'Posse reperiri. Quapropter si ea, quae senserit ille, tibi non vera videantur. Vide, quantum, inquam, fallare, Torquate. Oratio.', 'DTE Energy Company', 'b9e40773-449f-4959-aaad-606dd4627c40', 'd4c52a60-f954-4fcf-b372-b090725f2156', '2024-03-19 17:45:03', '2024-03-25 19:13:52'),
('Spicy Garlic Edamame', 'Keene O''Neill', '967-18-457-5655452-1', 'Amicitia cum voluptate vivatur. Quoniam autem id est voluptatem. Homines optimi non.', 'First Trust Nasdaq Oil & Gas ETF', 'c912563a-b2c4-465a-a561-45474943a250', '9f99a8a0-6e8d-45d7-b02b-958c12689923', '2024-03-19 17:51:10', '2024-03-21 22:07:49'),
('Vegetable Stir-Fry Kit', 'Celeste Deeley', '120-65318-4004856-333342-9', 'Quorum ille iudicium reformidans Tarentinis ait se et alliciat suapte natura, non potest esse dubium, quin id sit summum atque extremum bonorum omnium, beateque vivere nihil aliud sit nisi cum voluptate vivere. Huic certae stabilique sententiae quae sint coniuncta explicabo brevi. Nullus in ipsis error est finibus bonorum et malorum, id est.', 'RiceBran Technologies', 'd1098d79-0d4e-46ea-917c-4724a36f5951', '0bd19e9d-67e9-4238-9100-430c425d050c', '2024-03-19 17:56:16', '2024-03-26 12:45:54'),
('Organic Coconut Sugar', 'Ranee Lorenzini', '412-5550-85-657-3', 'Romanum atque Sabinum, municipem Ponti, Tritani, centurionum, praeclarorum hominum ac primorum signiferumque, maluisti dici. Graece ergo praetor Athenis, id quod maluisti, te, cum ad me accedis, saluto: ''chaere,'' inquam, ''Tite!'' lictores, turma omnis chorusque: ''chaere, Tite!'' hinc hostis mi Albucius, hinc inimicus. Sed iure Mucius. Ego autem mirari satis non queo unde hoc sit tam insolens.', 'Aqua America, Inc.', 'a0c2b7c7-30d7-4974-94b4-09eede3f475f', 'b773bf0f-327c-4911-a9cc-1a85412a72d6', '2024-03-19 17:57:18', '2024-03-24 18:20:13'),
('Cream Cheese', 'Caspar Le Noir', '344-45493-1318-40-7', 'Utamur illis, qui omnino avocent a philosophia, quam his, qui rebus infinitis modum constituant in reque eo meliore, quo maior sit, mediocritatem desiderent. Sive enim ad minim veniam, quis nostrud exercitation ullamco laboris nisi ut aliquid.', 'Akorn, Inc.', '799554bc-6083-4470-8744-046d3eca2bbc', '4be3b941-e39e-4434-898e-a5ee8f731394', '2024-03-19 18:02:24', '2024-03-27 09:19:05'),
('Chili Beans in Sauce', 'Edita McGrady', '122-35633-64-634-7', 'Est nihil ad Epicurum. Nam si concederetur, etiamsi.', 'Cambrex Corporation', '6e1c1194-9282-4ef8-b224-df8d8dce56b0', '113a3612-adba-4aab-8db2-b2f44a449296', '2024-03-19 18:06:10', '2024-03-25 02:26:52'),
('Mango Chilli Sauce', 'Travus Bernadon', '247-621-026-311-4', 'Emolumento aliquo, sed ipsius honestatis.', 'Asta Funding, Inc.', 'fa699d2a-1ff6-4919-8b29-aeed6fb3bcae', '6e8d4a27-aba6-423a-a996-e576e51ba785', '2024-03-19 18:09:00', '2024-03-20 19:01:41'),
('Camera Lens Cleaning Kit', 'Lucio McCarlie', '269-81-680-1714851-7', 'Approbantibus nobis. Sic enim ab Epicuro reprehensa et correcta permulta. Nunc dicam de voluptate, nihil scilicet novi, ea tamen, quae.', 'Wells Fargo & Company', 'fb011d6e-5b3e-45f0-b5c1-d17ea49c88a7', '5f5c6b93-4c6e-4f0f-a6a1-af18e60a1545', '2024-03-19 18:17:53', '2024-03-27 03:43:37'),
('Children''s Gardening Set', 'Nickey Garlette', '956-4-4-2-9', 'Triario litterae, quid historiae cognitioque rerum, quid.', 'Goldman Sachs BDC, Inc.', '96720415-2f7a-449d-913e-e77c1ce1a2b7', 'b32c69ef-0993-487e-ab58-032d7c52024e', '2024-03-19 18:27:12', '2024-03-23 08:15:40'),
('Chocolate Coconut Granola', 'Maure Gwillim', '340-9489-399718-3-6', 'Non potest. Atque ut odia, invidiae, despicationes adversantur voluptatibus, sic amicitiae non modo non inopem, ut vulgo putarent, sed locupletiorem etiam esse quam vacare omni dolore careret.', 'Neff Corporation', 'f09392fe-4fc5-43f5-9eb9-e6f39cccbfc8', 'eebbac2a-3832-441e-8b41-b16ee6e3ea93', '2024-03-19 18:34:59', '2024-03-29 00:05:29'),
('Spicy Roasted Nuts', 'Bartlet Suddick', '755-7-6272896-373-8', 'Et terroribus cupiditatibusque detractis et omnium falsarum opinionum temeritate derepta certissimam se nobis ducem praebeat ad.', 'Diversified Restaurant Holdings, Inc.', '74b49b86-31d1-4f04-99f3-60ea328990df', '6da4e6ef-d62f-4d0a-a4c5-f61a0e4e5d58', '2024-03-19 18:38:09', '2024-03-29 05:20:28'),
('Multi-Purpose Marine Rope', 'Stella Volonte', '197-90204-435055-445-5', 'Ratio docet, tum denique poterit aliquid cognosci et percipi. Quos qui tollunt et nihil posse percipi dicunt, ii remotis sensibus.', 'Seadrill Limited', '1aed3ccb-f48e-46db-be95-807828ea8800', 'abab925e-a6ff-4e4d-bb1d-51163d561265', '2024-03-19 18:42:42', '2024-03-26 18:06:41'),
('Tahini', 'Cazzie Liggins', '246-4399-714-927301-3', 'In tranquillitate vivi potest omnium.', 'Cathay General Bancorp', '27a6abe2-8683-41d0-86de-53b43d4fcf27', 'eafe86c3-5807-4f1a-9097-157dca193db0', '2024-03-19 18:44:00', '2024-03-21 05:33:55'),
('Laptop Stand', 'Abbot Mohammad', '018-1854-13-953-5', 'Gerendarum initia proficiscuntur aut a dolore. Quod cum ita sit, perspicuum est omnis rectas res atque laudabilis eo referri, ut cum voluptate vivatur. Quoniam.', 'H. B. Fuller Company', '66ea2696-8068-42b5-8709-a393d660650d', 'f47ffa33-6715-4bcb-a1e6-9d872fb5218b', '2024-03-19 18:48:24', '2024-03-23 13:54:31'),
('Baked Potato Chips', 'Dominic Verralls', '362-0559-19-55451-9', 'Nihil ad Epicurum. Nam si concederetur, etiamsi ad corpus referri, nec ob eam causam.', 'Mercury General Corporation', '1171f237-3497-4bed-b0a6-e8e08f2d859c', '056c574c-e0fa-49e1-a62c-1cbcfe7e7d49', '2024-03-19 18:58:12', '2024-03-26 07:18:57'),
('Classic Caesar Salad Kit', 'Zeb Erik', '353-85-2487103-9739-7', 'De qua Epicurus quidem ita dicit, omnium rerum, quas ad beate vivendum.', 'WSFS Financial Corporation', '1f7cba0b-a228-46a0-8c0c-91f6c2b93673', '68651f52-ea06-4532-8c06-2f4b83c7b4d9', '2024-03-19 19:01:37', '2024-03-28 19:33:24'),
('High-Low Hem Tee', 'Trescha Shannon', '309-9-715-012-9', 'Rem redeamus; de hominibus dici non modo voluptatem esse, verum etiam approbantibus nobis. Sic enim ab Epicuro reprehensa et correcta permulta. Nunc dicam de voluptate, nihil scilicet novi, ea tamen, quae te ipsum probaturum esse confidam. Certe, inquam, pertinax non ero tibique, si mihi probabis ea, quae corrigere vult, mihi quidem videtur.', 'Grupo Aeroportuario del Centro Norte S.A.B. de C.V.', '78507970-ca74-4988-be7b-60ba7d5f8f9d', 'e76dfb2c-610a-4252-beec-4dcf176ccb42', '2024-03-19 19:09:08', '2024-03-23 07:46:53'),
('Sweet Corn', 'Rodolfo Verbruggen', '403-284-4-1831089-7', 'Esse animo, quod sit a dolore corporis praesenti futurove seiunctum. Nec vero hoc oratione solum, sed multo magis vita et factis et moribus comprobavit. Quod quam magnum.', 'Opus Bank', '22f5fde7-e305-4f00-a501-646a3ee0f454', 'b457f223-2f5b-4c0a-89a7-fa8e424d0d06', '2024-03-19 19:16:58', '2024-03-26 04:59:21'),
('Slim Fit Chinos', 'Roxanne Berndtssen', '757-08272-200060-1579-7', 'Tam amicis quam sibi, quibus non solum praesentibus fruuntur, sed etiam spe eriguntur consequentis ac posteri temporis. Quod quia nullo modo poterimus sensuum iudicia defendere. Quicquid porro animo cernimus, id omne oritur a sensibus; qui si omnes veri erunt.', 'Enanta Pharmaceuticals, Inc.', '24f40c56-acf5-475b-9d77-e2c8ad343b93', 'f4644464-8326-44d3-9f57-5c3d4b3832a6', '2024-03-19 19:24:13', '2024-03-26 10:20:54'),
('Coconut Curry Lentils', 'Raff Inwood', '018-75-257-09-2', 'Quod propositum est, summum profecto malum est vivere cum dolore, cui sententiae consentaneum est ultimum esse.', 'Farmers National Banc Corp.', 'f12dab53-de27-4d29-aca4-4cd2c8c3e58b', '98a8c053-87bb-438c-ab46-1369424b26ed', '2024-03-19 19:32:11', '2024-03-25 18:08:05'),
('Personal Safety Alarm', 'Winne Gentsch', '557-290-6123758-9121-7', 'Cum privamur dolore, ipsa liberatione et vacuitate omnis molestiae gaudemus, omne autem id, quo gaudemus, voluptas est, ut meminerit maximos morte finiri, parvos multa habere intervalla requietis, mediocrium nos esse dominos, ut, si tolerabiles sint, feramus, si minus, animo.', 'Ashford Hospitality Prime, Inc.', 'b0c9b5f0-6432-4098-82a4-42e266dd07de', '6c042443-6ea2-4787-82a1-088d45308243', '2024-03-19 19:36:46', '2024-03-25 14:16:06'),
('High-Waisted Skirt', 'Nick Cawthron', '866-8-7173-834688-7', 'Claris et fortibus viris commemorandis eorumque factis non emolumento aliquo, sed ipsius honestatis decore.', 'Verso Corporation', '723ad405-3761-4841-87b6-7f72388587bc', '954b9563-2105-4be0-8a5b-1fd0fc4f25e6', '2024-03-19 19:46:00', '2024-03-27 01:11:02'),
('Avocados', 'Del Abbot', '051-6962-8-31745-3', 'Opus esse ratione neque disputatione, quam ob rem tandem, inquit, non satisfacit? Te enim.', 'Workiva Inc.', '460a92ae-b75c-4b56-8acb-8ea8923b2275', 'a16a6ddd-e854-4ed8-88c2-10961bc549c9', '2024-03-19 19:52:45', '2024-03-25 08:38:50'),
('Creamy Spinach Dip', 'Magnum Pietranek', '704-3354-4536-861428-3', 'Philosophia, quam his, qui rebus infinitis modum constituant in reque eo meliore, quo.', 'Manitowoc Company, Inc. (The)', 'a13ad085-a52f-4426-9626-cd6567c5036c', '66c42e8b-b51a-4a0d-9956-dd7d570ceb30', '2024-03-19 20:00:16', '2024-03-21 15:42:53'),
('Pet Travel Carrier', 'Ruttger Bridgewater', '955-87-379-743784-0', 'Ad respondendum reddidisti. Quorum facta quem ad modum eae semper voluptatibus inhaererent, eadem de amicitia disputatum. Alii cum eas voluptates, quae ad amicos pertinerent, negarent esse per se laetitiam, id est voluptatem. Homines optimi non intellegunt.', 'Advanced Drainage Systems, Inc.', 'ed69c5bb-c338-49e0-a748-065bf61d97f5', '0d131398-a31e-4dbe-a5ae-8fb502a813c7', '2024-03-19 20:08:34', '2024-03-26 18:10:02'),
('Homestyle Chicken Noodle Soup', 'Brynne Mundwell', '463-48844-350-51391-3', 'Ab ultima antiquitate repetitis tria vix amicorum paria reperiuntur, ut ad Orestem.', 'PS Business Parks, Inc.', 'a36c3e7f-058e-4054-933b-7dbefac53a11', '7fc23b3e-d53b-4ba9-bdcc-9396c4201a13', '2024-03-19 20:11:52', '2024-03-29 11:50:50'),
('Summer Tank Dress', 'Germayne Hilbourne', '742-788-631-58298-5', 'Alias consequatur aut perferendis doloribus asperiores repellat. Hanc ego cum teneam sententiam, quid est cur dubitemus dicere et sapientiam propter.', 'Tyson Foods, Inc.', '690a3caf-2d72-4d4d-9b13-a0ea366ea499', '76fd4120-5628-4336-a75a-1fdf8691ba29', '2024-03-19 20:20:00', '2024-03-28 16:34:35'),
('Handmade Leather Journal', 'Brian Tardiff', '042-858-23-691-1', 'Ultimum vel extremum -- quod et acutum genus est et ad dolores ita paratus est, ut Epicuro placet, nihil dolere, primum tibi recte, Chrysippe, concessum est nihil desiderare.', 'Mesoblast Limited', '6eb560e3-be13-4e06-9aac-36db777692af', '78f25b18-04f3-4c85-8132-179ba497715a', '2024-03-19 20:21:07', '2024-03-22 20:19:22'),
('Frozen Mixed Berries', 'Lincoln Brocklesby', '056-42-5-4-7', 'Sermo patrius, cum idem fabellas Latinas ad verbum e Graecis expressas non inviti legant. Quis enim tam inimicus paene nomini Romano est, qui Ennii Medeam aut Antiopam Pacuvii.', 'Edge Therapeutics, Inc.', '991040c3-5214-44a8-ac61-ac767d3c4ddf', '096ab469-b118-4095-a295-12f9f6146233', '2024-03-19 20:22:13', '2024-03-27 06:38:33'),
('Portable Electric Fan', 'Marris Garci', '916-716-344972-9787-0', 'Suo sanciret militaris imperii disciplinam exercitumque in gravissimo bello animadversionis metu contineret, saluti prospexit civium, qua intellegebat contineri suam. Atque haec ratio late patet.', 'West Bancorporation', '59298bb4-b240-4908-8a6e-e145ae0958d4', '69bbedae-f766-4d25-81f5-156e6635db64', '2024-03-19 20:26:03', '2024-03-21 02:54:44'),
('Caramel Apple Chips', 'Jennie Tomblings', '453-9-12254-243348-9', 'Semper animum excruciant et semper sollicitant turbulentaeque sunt, sic ut plura nemini e nostris, et scribentur fortasse plura, si vita suppetet; et tamen, qui diligenter haec, quae de philosophia litteris mandamus, legere assueverit, iudicabit nulla ad legendum his esse potiora. Quid est enim in.', 'Palo Alto Networks, Inc.', '4825a844-180f-469e-a7c1-4ca6b86460a5', '38ac609b-c477-4b7e-a667-51302dab4ab7', '2024-03-19 20:35:47', '2024-03-25 06:06:07'),
('Chocolate Chip Pancake Mix', 'Malorie Fordyce', '350-46751-3803712-38-5', 'Minime esse deterritum. Quae cum dixisset, Explicavi, inquit, sententiam meam, et eo quidem consilio, tuum iudicium ut cognoscerem, quoniam mihi ea facultas, ut id.', 'BlackRock New Jersey Municipal Income Trust', 'f3dbb2af-dc43-4f74-9052-9c41786984a3', 'd37015fc-8b2e-4e43-bf95-ca8b26204155', '2024-03-19 20:39:29', '2024-03-20 08:58:08'),
('Portable Solar Phone Charger', 'Auberon Yarnley', '150-87-55-9342413-5', 'Confidere, sed et argumentandum et accurate.', 'PAVmed Inc.', '1d3f06be-2cf0-4f73-8516-e9f1b9072333', '1202e58d-4dbc-4106-a553-ed87c3b00f25', '2024-03-19 20:42:58', '2024-03-28 00:12:50'),
('Smartphone Camera Lens Kit', 'Ingar Challes', '555-0-63-2-5', 'Qui novum vicinum non vult ''fodere aut arare.', 'National General Holdings Corp', '68f9f35d-08e1-49e5-8d94-d500f4e9374f', '0bb01261-8a59-4b8e-a0a7-65676e7cb6b4', '2024-03-19 20:49:10', '2024-03-22 21:34:05'),
('Nutritional Yeast', 'Sigfrid Du Hamel', '716-59014-2-540048-2', 'Explicatis, et, ut modo docui, cognitionis regula et iudicio ab eadem illa constituto veri a falso.', 'LSC Communications, Inc.', '8e806b59-8bb1-4765-97fe-778441cbf57a', '624d6945-22b8-4d8d-b3c9-0ae35113cc8a', '2024-03-19 20:51:28', '2024-03-24 20:42:55'),
('Classic White T-Shirt', 'Maryann Rae', '821-8217-1-06-7', 'Audiam, quid sit, quod Epicurum nostrum non tu quidem oderis, ut fere faciunt, qui ab eo nos abducat? Sin laboramus, quis est, qui dolorem eum fugiat, quo voluptas nulla pariatur? At vero eos et accusamus et iusto odio dignissimos ducimus, qui blanditiis praesentium voluptatum deleniti atque corrupti, quos dolores et quas molestias.', 'Wendy''s Company (The)', '4151bcde-9c8c-4ba2-82aa-18d1d06414e2', 'e58e5209-5c04-49e0-87be-c7ae285de47d', '2024-03-19 20:56:05', '2024-03-22 09:36:20'),
('Handmade Leather Wallet', 'Kristine Georgius', '711-789-1-5645-8', 'Posse fieri intellegimus et saepe disserui, Latinam linguam non modo voluptatem esse, verum etiam.', 'PowerShares Optimum Yield Diversified Commodity Strategy No K-', '87a74e52-524d-44c9-af80-f32f331ea488', '3bfe584d-3aca-4486-ba4f-849cf7d0b10e', '2024-03-19 21:02:19', '2024-03-29 16:12:56'),
('Electric Heat Pad', 'Aundrea Scorton', '413-9-320-805646-8', 'Poterit et iustius? Sunt autem, qui dicant foedus esse quoddam.', 'John Wiley & Sons, Inc.', 'df37b769-e66b-4880-b10e-f5d1f8e36514', '63e46d36-afbe-4b66-94e5-926956ff9c8e', '2024-03-19 21:08:03', '2024-03-20 08:19:45'),
('Garlic Parmesan Roasted Nuts', 'Nickolaus Hazel', '353-8-0345-0130-7', 'Pararetur et qua etiam carere possent sine dolore tum in morbos gravis, tum in morbos gravis, tum in dedecora incurrunt, saepe etiam legum iudiciorumque poenis obligantur. Qui autem alia malunt scribi a nobis.', 'Urban Outfitters, Inc.', '3a745289-cbc7-49d1-b3e6-4f052a4675e8', 'cb2f7d44-7298-47b8-8ec5-f64ec1ebfc22', '2024-03-19 21:11:24', '2024-03-21 09:04:05'),
('Mango Sticky Rice Dessert', 'Lin Chown', '373-33-2631131-8-2', 'Facile explentur sine ulla iniuria, quae autem inanes sunt, iis parendum non est.', 'China Automotive Systems, Inc.', '018de49a-394c-4265-8872-f26d51ce2f0e', '57768ee6-3b95-4acd-89ce-146a4bf4b78c', '2024-03-19 21:18:33', '2024-03-24 09:18:56'),
('Children''s Musical Instrument Set', 'Lezley Bandy', '196-576-34-2-8', 'Divina illa ingenia transferrem. Sed id neque feci adhuc.', 'TEGNA Inc.', '6ca4252b-491b-44c8-b0d4-a743e520ad7d', '97f6448e-6426-4632-9c9b-81a23aa03787', '2024-03-19 21:22:18', '2024-03-28 06:44:32'),
('Sunflower Seeds', 'Brendon McCrudden', '554-724-1555079-261-1', 'Non potest. Atque ut odia, invidiae, despicationes adversantur voluptatibus, sic.', 'Porter Bancorp, Inc.', '812954ad-f019-41fd-8000-5666cca8a2c0', '9ff63119-6d81-462c-a862-ede9ffad20a7', '2024-03-19 21:25:25', '2024-03-27 04:07:40'),
('Smoked Paprika Chicken Thighs', 'Marie-ann Beaford', '500-1-158-707-7', 'Commune vitium, illae Epicuri propriae ruinae: censet enim eadem illa constituto veri a.', 'Heska Corporation', 'ed6410f7-5cdf-4583-a76f-b9052b65d1d7', 'a901729f-937f-4d3f-8301-7228ad781017', '2024-03-19 21:34:36', '2024-03-24 11:55:38'),
('Foot Spa Bath Massager', 'Corrinne Doram', '815-558-507-7-6', 'Comprehenderit, ut omnes bene sanos ad iustitiam, aequitatem, fidem, neque homini infanti aut inpotenti iniuste facta conducunt, qui.', 'Sysco Corporation', '50d0196b-7238-415a-91a3-0cef85e83aab', '7446945b-e115-4af2-b192-59e7b2ad1405', '2024-03-19 21:37:56', '2024-03-25 12:19:16'),
('Vegetable Potstickers', 'Gaile Seiler', '220-67948-209-57-1', 'Duo quaerenda sint, unum, quae materia sit, ex.', 'Marriot Vacations Worldwide Corporation', '5592473c-ec80-498a-9892-0e8aaddaf461', '7be1008e-63cc-4150-9ed1-058ae1604ceb', '2024-03-19 21:47:10', '2024-03-25 13:29:21'),
('Spaghetti and Meatball Dinner Kit', 'Valle Miquelet', '229-3-8214-5879-6', 'Dissentiet -- quod et acutum genus est et ab antiquis, ad arbitrium suum scribere? Quodsi Graeci leguntur a Graecis isdem de rebus alia ratione compositis, quid est, cur nostri a nostris de amicitia.', 'United Continental Holdings, Inc.', 'b3e61865-0614-4560-b128-6587f6da91b5', '205f645b-d454-4d39-9e68-cdba65fd1c21', '2024-03-19 21:53:31', '2024-03-22 05:14:59'),
('Sweet Chili Sauce', 'Karol Pegden', '713-9-29-8698411-8', 'Ipsa horribiles existunt saepe formidines. Denique etiam morati melius erimus.', 'Highland Funds I', 'b913f6a0-7d5f-4d26-8596-fb6b21669c7f', 'ea396d68-c29e-4831-b6c4-35541bfdf103', '2024-03-19 21:58:16', '2024-03-23 22:14:05'),
('Ice Cream Maker', 'Rossy Satford', '995-494-3065669-5365-5', 'Et per se ipsa allicit nec patientia nec assiduitas nec vigiliae nec ea ipsa.', 'Matrix Service Company', 'fbfcc5bf-3824-4970-9028-329caa886618', '6ba2cb4e-9907-47f6-ba32-1e3b94702f04', '2024-03-19 22:01:33', '2024-03-21 07:56:09'),
('Wooden Kitchen Utensil Set', 'Anna Ashment', '149-3-260-939-7', 'Modo dixi, constituto, ut aut voluptates omittantur maiorum voluptatum adipiscendarum causa aut.', 'Orion Energy Systems, Inc.', 'ad7a656d-bee0-4bf5-aaf6-94628272c1e4', '406310d6-dd94-4085-983d-7a625bac108a', '2024-03-19 22:07:46', '2024-03-20 17:05:25'),
('Outdoor Mosquito Repellent Lantern', 'Sioux Kubczak', '496-3-5808-7304-9', 'Dolore detracto, nam quoniam, cum privamur dolore, ipsa liberatione et vacuitate omnis molestiae gaudemus, omne autem id, quo gaudemus, voluptas est, ut Epicuro placet, nihil dolere, primum tibi recte, Chrysippe, concessum est nihil desiderare manum, cum ita esset affecta, secundum non recte, si voluptas esset bonum, desideraret.'' .', 'Peak Resorts, Inc.', '64b021a7-5f3d-41e2-9252-5d1375eaf266', 'd30b793c-b7d8-4482-b1c5-8da8941da072', '2024-03-19 22:14:57', '2024-03-26 20:04:54'),
('Multi-Functional Rice Cooker', 'Clemmy Cromett', '642-34-820769-476-3', 'Disputatum. Alii cum eas voluptates, quae ad amicos pertinerent, negarent esse per se ipsam optabilem, sed quia maiores consequatur. Eadem fortitudinis ratio reperietur. Nam.', 'Spherix Incorporated', '62d0f686-fea4-4ce1-9be2-10163d610e72', 'e0cc570d-b570-45bb-a135-d5951a80946b', '2024-03-19 22:18:20', '2024-03-26 04:23:16'),
('Over-The-Door Shoe Organizer', 'Hamnet Glidder', '048-6-29306-038-0', 'Mei, nec cum istis tantopere pugnare, qui Graeca legere malint, modo legant.', 'Fifth Third Bancorp', '73286095-a8f0-46a5-bc52-2177db60a39b', '1afb2da8-e350-48ea-9c29-49db34627b27', '2024-03-19 22:24:03', '2024-03-27 20:49:00'),
('Compact Electric Kettle', 'Nikki Kerridge', '786-73-82845-672354-6', 'Si gymnasia, si campum, si canes, si equos, si ludicra exercendi aut venandi.', 'AppFolio, Inc.', 'b7234ca6-07e7-4305-984d-20e251ed2977', 'b0ef911d-d951-4108-86a1-696f512a708f', '2024-03-19 22:31:19', '2024-03-27 19:52:58'),
('Watercolor Set', 'Bernette Kaes', '286-821-1609977-62386-7', 'Cum ipsi naturae patrioque amori praetulerit ius maiestatis.', 'Vanguard Russell 2000 ETF', '074b855e-2d5a-46e4-a25c-3359b2915b96', '3e1934bb-4e39-4f85-a6d6-520cc2f4f6ff', '2024-03-19 22:32:51', '2024-03-26 11:40:52'),
('Electric Egg Cooker', 'Yancy Scurrer', '464-08-98-5144876-5', 'Non qua via captiosa solvantur ambigua distinguantur ostendit; iudicia rerum in.', 'UCP, Inc.', '312ca6c9-86a5-4f37-acfa-e0580d7d8846', '6c472913-8a16-4616-b068-81331015be7e', '2024-03-19 22:36:33', '2024-03-22 02:34:55'),
('Magnetic Whiteboard', 'Emili Esberger', '231-5928-82583-793-5', 'Multos, sed imperitos --, quamquam autem et laetitiam nobis voluptas animi et corporis voluptatibus, videtisne quam nihil praetermittatur quod vitam adiuvet, quo facilius id, quod sentiant non esse faciendum, ii voluptatem maximam.', 'Coupa Software Incorporated', 'acf6c058-1192-4401-b69f-17f572c37565', '58a2a791-3f02-4386-b562-5a821c431140', '2024-03-19 22:39:12', '2024-03-22 18:20:54'),
('Apple Sauce', 'Deborah Dooly', '189-37204-73929-306-8', 'Bonis sit numeranda nec in malis dolor, non existimant oportere nimium nos causae confidere, sed et argumentandum et accurate disserendum et rationibus conquisitis de voluptate et dolore disputandum putant. Sed ut iis bonis erigimur, quae expectamus.', 'DHX Media Ltd.', '846749a9-4674-47af-b634-40f377b2650d', 'bd1c47c3-826b-4077-9995-0c5e528f4d3f', '2024-03-19 22:47:14', '2024-03-22 13:42:17'),
('Raspberry Lemonade Mix', 'Gwenore Doodney', '839-85-4180-7165-5', 'Formidinum terrore vindicet et ipsius fortunae modice ferre doceat iniurias et omnis monstret vias, quae ad quietem et ad tranquillitatem ferant, quid est enim.', 'SB Financial Group, Inc.', '65a0b8d0-9693-45e5-9e3a-cbf11fc58225', '5267e644-4faa-4136-a037-7800516fea7c', '2024-03-19 22:48:53', '2024-03-27 09:51:33'),
('Compact Hair Dryer', 'Ulberto Scoggan', '091-92036-08-968-1', 'Nec mortem nec dolorem timentis, quod.', 'Perion Network Ltd', 'a7c7c6ec-bec0-46d1-b5c0-f1895b21c034', '5e470698-8a36-4e81-9290-bfe5ab3128b5', '2024-03-19 22:55:04', '2024-03-21 09:49:59'),
('Portable Camping Shower', 'Lora Hens', '421-0-11-1408-8', '-- et illum motum naturalem omnium ponderum, ut ipse loquerer, tum Triarius leniter arridens: Tu quidem, inquit, totum Epicurum paene e philosophorum choro sustulisti. Quid ei reliquisti, nisi te, quoquo modo loqueretur, intellegere, quid diceret? Aliena dixit in physicis nec ea ipsa, quae tibi probarentur; si qua in iis corrigere voluit, deteriora.', 'NeuroDerm Ltd.', 'e657d403-b4ea-481b-960d-ad07bdbf8011', 'f3afc54e-493a-441a-a0c9-e84d73d2c00c', '2024-03-19 22:57:20', '2024-03-20 15:27:21'),
('Organic Whole Wheat Flour', 'Wilone Lowson', '329-7-7-73736-8', 'Hominum ac primorum signiferumque, maluisti dici. Graece ergo praetor Athenis, id quod maluisti, te, cum ad me de virtute misisti. Sed.', 'China Mobile (Hong Kong) Ltd.', '4b2472c1-39da-4d79-bbec-c57036dd5b21', '9650d90e-5eef-4eb6-bd9f-5ec60027917b', '2024-03-19 22:59:40', '2024-03-29 02:28:45'),
('Silicone Wine Glasses', 'Raul Andreasen', '045-99897-27-4058-6', 'Ergo artes persequeretur, vivendi artem tantam tamque et operosam et perinde fructuosam relinqueret? Non ergo Epicurus ineruditus, sed ii indocti, qui, quae pueros non didicisse turpe est, ea putant usque ad senectutem esse.', 'Vical Incorporated', 'd80f9816-4cec-4aa6-ba45-552d45cc2948', 'a3a55718-0a23-4fe7-bbca-7816d78284e0', '2024-03-19 23:01:49', '2024-03-24 23:14:20'),
('Portable Air Purifier', 'Briney Hamill', '992-27-76-5795-9', 'Ad haec, nisi molestum est, habeo quae velim. An me, inquam, nisi te audire vellem, censes haec dicturum fuisse? Utrum igitur percurri.', 'GSI Technology, Inc.', 'b14211ec-a1de-4e84-ae13-9bb6bb85dbe9', '158d5088-f139-468c-b199-9afbb4e72155', '2024-03-19 23:07:42', '2024-03-20 13:32:45'),
('Non-Stick Grill Mat', 'Aridatha Jaspar', '229-70-5-89-4', 'Improborum facta primo suspicio insequitur, dein sermo atque fama, tum accusator, tum iudex; Multi etiam, ut te consule, ipsi se indicaverunt. Quodsi qui satis sibi contra hominum.', 'Scorpio Bulkers Inc.', '61e11132-3d2d-49ac-8298-088b18519c92', '51514d2f-b839-48f1-b1b2-8994acadf116', '2024-03-19 23:12:49', '2024-03-29 00:59:58'),
('Wrap Front Midi Skirt', 'Hendrick Gaukrodge', '578-2-347-169-5', 'Timidiores paulo contra vestra convicia, sed tamen satis acuti, qui verentur ne, si id non faciant, incidant in maiorem. Ex quo efficiantur ea, quae audiebamus, conferebamus, neque erat umquam controversia, quid ego intellegerem, sed quid probarem. Quid igitur est? Inquit; audire enim cupio, quid non probes. Principio, inquam.', 'Microsoft Corporation', '15c7295c-35d7-4d2a-8b6f-e48db4bb7b68', 'e73d6e93-970e-4a33-b102-62d503ba4104', '2024-03-19 23:17:07', '2024-03-25 05:41:20'),
('Smartphone Tripod', 'Dag Offell', '369-7-618-671084-3', 'Qua maxime ceterorum philosophorum exultat oratio, reperire.', 'Clovis Oncology, Inc.', '1137bb48-82a9-4def-b5d9-3a094f947808', 'ca39e7fc-2faa-4ee5-94f7-fe1b25469eb8', '2024-03-19 23:22:34', '2024-03-23 02:18:07'),
('Aged White Cheddar Popcorn', 'Jae Januszkiewicz', '781-94419-578-219291-2', 'Earum explicatis, et, ut modo docui, cognitionis regula et iudicio ab eadem illa individua et solida corpora ferri deorsum suo pondere ad lineam, numquam fore ut hic noster labor in varias reprehensiones incurreret. Nam quibusdam, et iis servire, qui vel utrisque litteris.', 'Education Realty Trust Inc.', '70c3ae9b-81ef-4d45-846c-0820c1f834c1', '188d8293-d972-42e3-9840-5b161e48d86f', '2024-03-19 23:28:43', '2024-03-29 05:30:30'),
('Honey Garlic Shrimp', 'Erda Doig', '748-03853-641355-66299-4', 'Infinito inani, in quo etiam Democritus haeret, turbulenta concursio hunc mundi ornatum efficere non poterit. Ne illud quidem physici, credere aliquid esse.', 'Delek US Holdings, Inc.', 'bc13c6a7-791c-46d7-b6b8-d3e38d172495', '12294895-6601-4c67-bb44-48509a002078', '2024-03-19 23:32:57', '2024-03-20 09:41:19'),
('Whole Grain Cereal', 'Shem Vanyarkin', '280-022-435569-08710-8', 'Eo quidem consilio, tuum iudicium ut cognoscerem, quoniam mihi ea facultas, ut id apte fieri possit, ut ab.', 'Eagle Growth and Income Opportunities Fund', 'e3d6803d-5ba4-4abf-9ce9-4e380d557776', '0a34355f-40db-4d8a-a293-6dd35b85480d', '2024-03-19 23:38:40', '2024-03-20 01:55:46'),
('Electric Kettle', 'Lind Blackboro', '100-593-400-5667-1', 'Maiores fuissent, et in conspectum suum venire vetuit, numquid tibi videtur de voluptatibus suis cogitavisse? Sed ut perspiciatis, unde omnis iste natus error sit voluptatem accusantium doloremque laudantium, totam rem aperiam eaque ipsa, quae tibi probarentur; si qua in.', 'TPG Specialty Lending, Inc.', '42202095-b3d9-4510-9f09-384c114611a3', 'e37df673-5f5d-4394-b8a4-661658957cd8', '2024-03-19 23:47:41', '2024-03-20 14:10:48'),
('Garden Hose', 'Linette Hamsher', '009-0-695-3369973-8', 'In qua maxime ceterorum philosophorum exultat oratio, reperire exitum potest, nisi derigatur ad voluptatem, voluptas autem est sola, quae nos exhorrescere metu non sinat. Qua praeceptrice in tranquillitate vivi potest omnium cupiditatum ardore restincto. Cupiditates enim sunt insatiabiles, quae non.', 'Northwest Bancshares, Inc.', '531ade0b-f43e-4151-900f-4140bbd4b55a', '705afd97-c072-4fbe-813c-5bd687a04b6d', '2024-03-19 23:51:35', '2024-03-22 02:20:41'),
('Savory Trail Mix', 'Simeon Wisedale', '271-4-55-6430510-0', 'Inquit, assentior; neque enim tempus est ullum, quo non plus habeat sapiens, quod gaudeat, quam quod angatur. Optime vero Epicurus, quod exiguam dixit fortunam intervenire sapienti maximasque ab eo nos abducat? Sin laboramus, quis est, qui Ennii Medeam aut.', 'Gladstone Investment Corporation', '145d7274-e59c-4cc2-b690-484199a62a4b', '68209980-e059-4a80-a48c-2962e75a9839', '2024-03-19 23:58:09', '2024-03-20 13:23:05'),
('Wooden Blocks', 'Agata Brugemann', '911-0-152444-51975-8', 'Potest fieri, quanta ad augendas, cum conscientia factorum, tum poena legum odioque civium? Et tamen ego a philosopho, si afferat eloquentiam, non asperner, si non habeat, non admodum.', 'Lamb Weston Holdings, Inc.', 'a03c81b4-9701-48ea-ab9f-f64fe905c4df', 'e963c146-c693-4480-9287-8988e7b0427c', '2024-03-20 00:01:45', '2024-03-21 15:31:33'),
('Jigsaw Puzzle', 'Isaac Fevers', '512-92219-282705-10088-3', 'Iracundia aut pertinacia recte disputari potest. Sed ad rem redeamus; de hominibus.', 'Upland Software, Inc.', '7dcc4d3c-5386-4e9c-9b30-dbc9685214af', '84c20ba7-2d33-4058-bd95-f67fc181a163', '2024-03-20 00:06:57', '2024-03-24 15:58:49'),
('Carrot and Celery Sticks', 'Arden Esposi', '835-2295-4-1759632-5', 'Nos vocet ad se et alliciat suapte natura, non potest esse dubium, quin id sit summum atque extremum bonorum omnium, beateque vivere nihil aliud sit nisi cum voluptate vivatur. Quoniam autem id est quo melius viveremus, eas ergo artes persequeretur, vivendi artem.', 'Stag Industrial, Inc.', 'fea02dff-47ad-439c-a706-adafa536302a', '5d33bec1-4ae0-43de-8f7d-21c89415b349', '2024-03-20 00:08:27', '2024-03-28 02:18:22'),
('Organic Blueberries', 'Pren Kettlesting', '396-0127-964-16-3', 'Quis non legat? Nisi qui se dicant in Graecis legendis operam malle consumere. Postremo aliquos futuros suspicor, qui me ad alias litteras vocent, genus hoc scribendi, etsi sit elegans, personae tamen et.', 'Diversicare Healthcare Services Inc.', '60e32d32-8124-4297-8568-8efe05153950', '907d9f8f-a093-4949-b409-65c06d274517', '2024-03-20 00:12:32', '2024-03-26 10:09:42'),
('Smart Plant Monitor', 'Josias Teulier', '189-6-6859-7-6', 'Fruuntur, sed etiam spe eriguntur consequentis ac posteri temporis. Quod quia nullo modo sine amicitia firmam et perpetuam iucunditatem vitae tenere possumus neque vero ipsam amicitiam tueri, nisi aeque amicos.', 'MidWestOne Financial Group, Inc.', '0799c702-4e2d-4cf8-acc5-c27c2f3a73fc', '17c9e742-3a37-41e7-b85f-7cde666e6c7d', '2024-03-20 00:19:56', '2024-03-25 21:32:44'),
('Car Sunshade', 'Darill Turone', '689-70535-077826-18-8', 'A quibus tantum dissentio, ut, cum Sophocles vel optime scripserit Electram, tamen male conversam Atilii mihi legendam putem.', 'PBF Logistics LP', '346b409a-eaf6-4a38-aae5-143820fcc5a8', '9fb0e43f-59b7-43f0-8cbc-ef91159a10a5', '2024-03-20 00:28:35', '2024-03-28 03:10:28'),
('Almond Quinoa Salad', 'Cirillo Pimer', '433-9796-6231763-89589-0', 'Maxime consuevit iactare vestra se oratio, tua praesertim, qui studiose antiqua persequeris, claris et fortibus.', 'ZTO Express (Cayman) Inc.', '9a92d507-6ea3-441b-9774-be445681a71d', '7bb33637-8352-441b-a055-968dd4f1da6c', '2024-03-20 00:30:47', '2024-03-23 11:59:55'),
('Apple Pie Filling', 'Tamera Helversen', '382-96490-777-4797-7', 'Iudicium et nostrum scribendi ordinem adiungimus, quid habent, cur Graeca anteponant iis, quae recordamur. Stulti autem malorum memoria torquentur, sapientes bona praeterita grata recordatione renovata delectant. Est autem situm in.', 'Red Lion Hotels Corporation', '65f5a084-8ede-41ea-b8e8-6fe76fb2fb54', '94fdd09c-eb5b-4204-9338-97c21810a899', '2024-03-20 00:34:28', '2024-03-24 22:15:23'),
('Lemon Herb Chicken', 'Elwin McLaggan', '732-89891-28-68031-9', 'Laetitiam nobis voluptas animi et corporis voluptatibus, videtisne quam nihil praetermittatur quod vitam adiuvet, quo facilius id, quod his libris quaeritur, qui sit finis, quid extremum, quid ultimum, quo sint.', 'Overseas Shipholding Group, Inc.', '8472c022-dc59-48fd-a15d-9904ea64540b', 'b81d7687-3e35-430f-89ea-e9ac0afbac55', '2024-03-20 00:38:04', '2024-03-27 15:06:21'),
('Strawberry Fruit Spread', 'Cordy Nys', '550-714-4171-8098-8', 'Saepe, cur tam multi sint Epicurei, sunt.', 'Movado Group Inc.', '5feaaaed-d5a3-47c4-8891-558022577bee', 'a6e7ed89-1a70-41df-b3d1-d6aad2f77b65', '2024-03-20 00:43:05', '2024-03-25 20:18:18'),
('Maple Syrup', 'Sharon Rosentholer', '272-2-6507-1661-1', 'Atque fama, tum accusator, tum iudex; Multi etiam, ut te consule, ipsi se indicaverunt. Quodsi qui satis sibi contra hominum conscientiam saepti esse et voluptates repudiandae sint et molestiae non recusandae. Itaque earum.', 'Bridgepoint Education, Inc.', 'feb9aefc-9a56-41a2-8a01-8248589f0ac5', '7c8e6a9f-3266-41f0-9fd2-4a8f99a37e79', '2024-03-20 00:44:50', '2024-03-20 14:25:53'),
('Garlic Parmesan Roasted Potatoes', 'Prissie Yancey', '581-1706-6-58001-1', 'Homini erudito in geometriaque perfecto, huic pedalis fortasse; tantum enim esse censet, quantus videtur, vel paulo aut maiorem aut minorem. Ita, quae.', 'Beazer Homes USA, Inc.', '259db9de-052f-4ab7-82a0-a88220e221ef', 'def75b45-635c-4763-b65a-5081e194d9f2', '2024-03-20 00:48:51', '2024-03-21 16:03:38'),
('Sweet Potatoes', 'Sile Francescotti', '137-3-087-399735-2', 'Ut noster Lucilius, recusabo, quo minus id, quod ipsi statuerunt, non possunt, conficiuntur et angore et metu maximeque cruciantur, cum sero sentiunt frustra se.', 'America Movil, S.A.B. de C.V.', '90370062-2093-4fef-9286-c5d90389c0aa', '32cb7404-78c4-4e72-8678-a295b1141e27', '2024-03-20 00:58:32', '2024-03-27 15:53:24'),
('Travel Yoga Mat', 'Inger Skelhorn', '653-81585-1-864-7', 'Eo dissentiunt, sed certe non probes, eum quem ego arbitror unum vidisse verum maximisque.', 'Motorola Solutions, Inc.', '5850a417-35c7-4375-8122-4a92e0ec7311', '73762c05-e852-4b89-bf3d-a3d777e5a34f', '2024-03-20 01:02:29', '2024-03-21 16:47:42'),
('Pet Travel Bowl', 'Kelsey Kohrding', '700-89-9303-0938220-7', 'Quid in omni munere vitae optimum et verissimum sit.', 'Eaton Vance Corporation', '4541c02e-b0bb-4082-b2bf-f94514ac6311', 'a4b22fcb-cf5b-4f2c-b83c-d3b59049d3ca', '2024-03-20 01:10:45', '2024-03-21 22:16:57'),
('Men''s Waterproof Hiking Boots', 'Ermina Jobey', '222-84001-390-603-1', 'Nam quibusdam, et iis servire, qui vel utrisque.', 'Wingstop Inc.', '83e1046f-c2cb-4c41-b444-784e73238293', '7a382c22-cb74-4913-a655-c25b1f98b2d4', '2024-03-20 01:18:42', '2024-03-29 19:07:19'),
('Cajun Seasoning', 'Edin Corner', '196-66834-247176-0278285-0', 'Nec cum istis tantopere pugnare, qui Graeca legere.', 'Netflix, Inc.', 'f065bf74-d245-4d72-939f-899820917102', '023b96c1-5bd4-4a52-8025-a97ecc065f58', '2024-03-20 01:23:00', '2024-03-22 18:39:58'),
('Eco-Friendly Stainless Steel Straws', 'Mohammed Boow', '098-71515-0-9-1', 'Ut dixi, ad lineam, hunc naturalem esse omnium corporum motum. Deinde ibidem homo acutus, cum illud ocurreret, si omnia dixi hausta e fonte naturae.', 'Western Asset Municipal Defined Opportunity Trust Inc', 'b1af2416-6c0f-4b46-934e-f42020a4fb48', '30d7e393-68e4-4596-8fda-39697b431009', '2024-03-20 01:32:41', '2024-03-28 17:14:35'),
('Oven Mitts', 'Susanna Cunnow', '855-8-79-551-6', 'Videtur eruditus, ea causa est, quod huc possit, quod melius.', 'Hudbay Minerals Inc.', 'b65b7d34-0e28-4666-bac6-a09762d0d641', '2f692828-2079-42f4-8678-83b8c69f0086', '2024-03-20 01:40:25', '2024-03-27 11:14:53'),
('Pear and Gorgonzola Salad', 'Dory Hackleton', '366-01788-6-8665196-2', 'Faciant id, quod sentiant non esse faciendum, ii voluptatem maximam adipiscuntur praetermittenda voluptate. Idem etiam dolorem saepe perpetiuntur, ne, si amicitiam propter nostram voluptatem expetendam putemus, tota amicitia quasi claudicare videatur. Itaque primos congressus copulationesque et consuetudinum instituendarum voluntates fieri propter voluptatem.', 'Eagle Materials Inc', '194fef6d-82bd-4e4e-b468-75cc44876b8d', 'f35cd047-c7c3-4b9d-a91e-4a263eab7c04', '2024-03-20 01:43:05', '2024-03-20 21:19:25'),
('Avocado Lime Dressing', 'Crysta Iddiens', '602-82-61460-20-8', 'Ad Orestem pervenias profectus a Theseo. At vero Epicurus una in domo, et ea quidem angusta, quam magnos quantaque amoris conspiratione consentientis tenuit amicorum.', 'Managed Duration Investment Grade Municipal Fund', '594e1fec-ac49-48bc-9ea5-243a7bc22e8f', 'daa11319-4d27-4f6a-a793-e445aec0cb2c', '2024-03-20 01:45:23', '2024-03-20 12:47:19'),
('Protein Bar Variety Pack', 'Lindsay McQuarter', '380-543-3510-080-0', 'Iudicari potest non modo non repugnantibus, verum etiam summam voluptatem. Quisquis enim sentit, quem ad modum sit affectus, eum necesse est aut in voluptate aut in armatum hostem impetum fecisse aut in poetis.', 'Monolithic Power Systems, Inc.', 'dd25a9eb-d9d6-43ec-8cb1-2fecdb4bdd21', '71b3e9d4-5ffb-4b60-b514-876f2a26978d', '2024-03-20 01:46:42', '2024-03-22 17:05:32'),
('Dish Rack', 'Carlie Starbeck', '210-3660-5350599-72-2', 'Consentientis tenuit amicorum greges! Quod fit etiam nunc ab Epicureis.', 'Sierra Oncology, Inc.', 'bf47728d-385e-4914-a7e5-84d053317749', '851e5870-0f12-4433-9dbc-37a70779eed4', '2024-03-20 01:51:29', '2024-03-24 00:33:36'),
('Repair Tool Set for Home Improvement', 'Ignaz Giscken', '243-30269-3-7-0', 'Stulti autem malorum memoria torquentur, sapientes bona praeterita non meminerunt, praesentibus non fruuntur, futura modo expectant, quae quia certa esse non possunt et, si essent vera.', 'Spark Energy, Inc.', 'a80638be-fb08-4b1a-9aa8-a365bac5cb70', 'c3809119-f8be-4319-a016-7ae1a5eb8817', '2024-03-20 01:56:35', '2024-03-21 01:05:04'),
('Beef Sirloin Steak', 'Pamela Lacroix', '591-84812-3192162-75-4', 'Dolore corporis praesenti futurove seiunctum. Nec vero hoc oratione solum, sed multo etiam magis, quorum ille iudicium reformidans.', 'Independent Bank Corp.', 'e3f88149-cd51-4cbd-8eb5-ff16d2ff9b17', '9fe7f56b-b658-4e39-9db2-14ab2d24cb6b', '2024-03-20 02:01:42', '2024-03-29 14:10:55'),
('Camping Tarp', 'Alexa Wretham', '909-8-42358-304673-0', 'Democritea dicit perpauca mutans, sed ita, ut ea, quae dicta sunt ab iis quos probamus, eisque nostrum iudicium.', 'U.S. Physical Therapy, Inc.', '1c648312-1daf-439f-b0cf-898e998463ba', '89f6f630-628b-460e-bf5d-669bcda1f89f', '2024-03-20 02:03:47', '2024-03-21 04:55:34');


INSERT INTO "borrow_records" ("user_id", "book_id", "returned", "borrowed_date", "due_date", "return_date", "status", "created_at", "updated_at", "id") VALUES
('9c9dcb74-18a5-4408-ae98-25a133512c52', '274e048d-3f7a-49fb-93d1-764baeb84111', '0', '2024-04-01 06:40:40', '2024-04-05 11:46:29', '2024-04-05 01:08:46', 'Cancelled', '2024-03-19 17:35:17', '2024-03-25 23:31:54', '80541b67-3f47-490e-9a06-9bab9886a931'),
('407924b0-5a6d-4304-84e2-c689f91376eb', 'a80ece5d-40f5-4be0-97e2-ff07ddaf7c0c', '0', '2025-01-06 11:10:37', '2025-01-09 23:42:09', '2025-01-07 02:58:54', 'Approved', '2024-03-19 17:43:40', '2024-03-20 15:44:32', '2e965978-0d28-4d3a-a331-45f020fedd52'),
('87585bfa-7e41-4aed-8e7b-20688e255532', 'a8432a6e-467a-4cdb-8a6c-29458bd1a566', '1', '2025-02-08 08:20:53', '2025-02-14 19:34:41', '2025-02-08 20:54:31', 'Returned', '2024-03-19 17:45:22', '2024-03-27 16:27:12', 'c5e0119a-888e-4e17-8418-15d756a3e0c4'),
('3ec73145-990b-4d57-9553-4d449d70bf5a', '665fe82b-c2b9-4738-8512-8e9f8bf23d17', '0', '2024-09-24 16:26:57', '2024-09-29 15:16:18', '2024-09-24 22:15:18', 'Approved', '2024-03-19 17:49:22', '2024-03-20 06:46:49', '1224b099-e8bd-4c38-8de6-7615de92bbc5'),
('f4a5b9c4-f293-4cdb-9486-cdd87d440c42', 'ac3f141f-6702-4afb-a9ff-5b46850f911a', '0', '2024-10-09 13:54:20', '2024-10-16 21:55:18', '2024-10-13 23:52:38', 'Cancelled', '2024-03-19 17:55:05', '2024-03-24 10:59:39', '1ec15b31-6e53-44e5-b530-cb02b56ea926'),
('a8cf1ac6-24e0-425e-81a2-6597b6117887', 'da88092b-9abd-4022-8c40-71d300d2c846', '0', '2024-10-03 04:46:50', '2024-10-09 17:19:24', '2024-10-04 00:44:19', 'Returned', '2024-03-19 17:57:26', '2024-03-25 00:42:32', '0e468c40-cea3-4a52-8e64-a2c20d86a103'),
('a4758581-cdb3-45c7-afcf-d69e3e207a39', '46715112-76b6-446e-a93f-8c35cdb23922', '0', '2024-04-26 23:39:39', '2024-05-03 02:30:33', '2024-05-05 12:12:14', 'Returned', '2024-03-19 18:01:09', '2024-03-28 10:43:37', 'd4294d99-ddc2-4981-a02c-d47169623448'),
('ef2f4dd1-96d4-4e27-93bc-0cedbe100e3e', '9d662fad-8099-4438-806b-8a5cc1713210', '1', '2025-01-16 16:47:11', '2025-01-26 04:47:00', '2025-01-17 08:02:52', 'Approved', '2024-03-19 18:04:19', '2024-03-25 16:08:49', '70725bb7-a23a-4338-b773-be0209e964fa'),
('c23bcd49-2f30-407f-bed6-5262609d963c', '6333e0c9-18db-4dbb-87c4-3a522d4d5c66', '1', '2024-05-11 10:38:10', '2024-05-13 21:58:55', '2024-05-19 06:41:12', 'Pending', '2024-03-19 18:10:44', '2024-03-20 08:14:12', 'f362be7a-ed4b-440e-90e0-a5e6bc254bbd'),
('733edaa6-ce57-4d80-8d97-2125b137821f', 'e88ba6ad-ca2e-4946-843e-6816262dbeaf', '0', '2025-02-17 20:39:57', '2025-02-20 09:39:34', '2025-02-23 05:44:50', 'Pending', '2024-03-19 18:18:46', '2024-03-25 05:38:47', '4a944d7d-6f63-4b28-92a4-d29e752005fb'),
('cf0095e9-3304-44fc-8eba-e20d746ece4c', '26734465-d1a8-4c03-a264-af95f7126eff', '1', '2025-03-07 19:56:59', '2025-03-08 11:31:01', '2025-03-09 14:38:51', 'Pending', '2024-03-19 18:22:49', '2024-03-19 22:56:18', '01f921f2-2b80-4acd-86db-e95605daaa73'),
('4e33e709-c0a6-4c2c-bd99-82686b36ac40', '22d13fe8-271e-4a77-9761-7afecad4195e', '0', '2024-07-18 00:43:45', '2024-07-27 05:42:55', '2024-07-20 04:05:44', 'Overdue', '2024-03-19 18:31:43', '2024-03-21 10:35:02', '92c0d2dc-5cf7-4d5b-bb66-31ecb6ec2abd'),
('90957c5b-3e2a-4cb2-a573-32c7b7b12563', 'dfda688d-383a-40ee-abaf-2f81d55f755b', '0', '2025-03-03 18:28:39', '2025-03-10 03:05:16', '2025-03-09 07:54:35', 'Returned', '2024-03-19 18:33:46', '2024-03-22 07:55:58', '8ec47e01-27d1-4abe-adc3-251c3a62e9af'),
('da32244c-d84b-4611-ab0b-7b2c0d76684e', '63b0e0ef-227a-48b7-8f11-e03e0f227c8b', '1', '2025-03-18 04:32:51', '2025-03-20 21:35:03', '2025-03-22 11:59:19', 'Cancelled', '2024-03-19 18:40:43', '2024-03-29 00:06:36', '966604e0-beb8-4cbe-8924-050003497210'),
('e30f36e1-237d-41a6-8bcf-23a1761bab25', '9a50e86c-11f5-4e6a-851c-f7e163633248', '0', '2024-09-11 16:10:50', '2024-09-13 05:45:35', '2024-09-13 12:36:43', 'Cancelled', '2024-03-19 18:46:21', '2024-03-19 23:20:04', '85a84b98-bb4d-40e7-b0b1-f4f52b6c70d8'),
('1b8f9f74-ec3c-49f2-bf99-f54a0c7ebb98', '4bf26a18-9c76-49a4-8a51-4bcc95706b40', '1', '2024-06-27 13:02:18', '2024-06-30 11:31:46', '2024-06-29 04:07:00', 'Approved', '2024-03-19 18:47:50', '2024-03-28 13:50:11', '614fe47b-e005-4336-af99-e28d17b544ca'),
('54e7e0db-2589-4411-9c69-e7f7aeb14219', '7e59d4e8-b71c-4e83-98c9-d76d118eb630', '1', '2025-03-05 23:19:51', '2025-03-07 18:51:50', '2025-03-11 17:08:06', 'Approved', '2024-03-19 18:53:34', '2024-03-29 18:35:32', '36c5eebf-12b3-43f4-9d38-d568cf971881'),
('9060e79c-ec95-46cd-87a4-9f9a96c04ca9', 'afdeab7b-1746-4f0e-b209-f699db77f735', '1', '2024-09-28 09:42:11', '2024-10-05 15:41:35', '2024-10-04 22:47:32', 'Cancelled', '2024-03-19 19:00:19', '2024-03-24 23:45:58', '99183951-d790-40d2-aa78-a59ba19baf0c'),
('f825af41-9429-4a4c-8f7f-5256b00b1a3a', '65b20ac5-b24e-42b5-815c-7d709fbeaaaa', '0', '2025-03-10 14:03:39', '2025-03-17 13:16:12', '2025-03-11 19:31:51', 'Returned', '2024-03-19 19:04:49', '2024-03-27 18:45:47', '19d0c9c1-fc77-4e51-9646-c31d503abfb4'),
('de256a33-0155-4ab4-a65b-13c5b18ad945', '1e683364-350d-4ddc-98ec-39cf62b87dcc', '1', '2024-04-14 08:29:03', '2024-04-15 02:26:20', '2024-04-22 04:03:59', 'Approved', '2024-03-19 19:14:07', '2024-03-24 16:52:27', '1b371712-56d5-4d89-b735-07512ff6556e'),
('210ef50d-3b93-469a-8119-ce6528be9726', '6c829c57-95e4-4a7b-8ad3-efe3514d66f8', '1', '2024-12-20 04:02:02', '2024-12-26 02:48:35', '2024-12-25 02:08:24', 'Cancelled', '2024-03-19 19:19:29', '2024-03-21 23:22:38', '43a65d31-d79a-4a53-b457-a1e8b40869fb'),
('02a6c349-dd99-4d03-8b3b-b3e86986756a', 'b19c4393-d1bd-40d7-89d2-6fb9163235d8', '0', '2024-08-04 08:38:50', '2024-08-13 09:33:46', '2024-08-14 06:19:49', 'Returned', '2024-03-19 19:21:17', '2024-03-24 17:58:52', '11e8cbb4-cea3-4f43-a9b3-17495ff7854e'),
('81588a14-8069-4a1c-b38b-d84b3cd99e09', '1f07d97c-454c-4a88-aa1b-d98349c2cda9', '1', '2024-04-11 15:37:09', '2024-04-19 10:16:29', '2024-04-14 02:03:35', 'Pending', '2024-03-19 19:28:44', '2024-03-20 07:47:13', '91bb24e8-c1d1-49e3-834b-03315512b851'),
('4b49c9e8-36e6-448c-9570-4f5c503b754b', '549899cb-1a65-44aa-a01e-2b1a783bd235', '0', '2024-04-06 20:47:30', '2024-04-08 13:24:45', '2024-04-07 08:17:16', 'Pending', '2024-03-19 19:36:35', '2024-03-24 15:49:39', 'bc0700ac-20e5-4c6a-83de-37dc1e302efb'),
('22dd65da-0b44-4fa9-b0ac-8084bf373a87', '01d5e7e7-6bc3-49ce-82c0-99a6b812c28f', '1', '2024-11-17 16:36:07', '2024-11-20 22:49:59', '2024-11-17 18:26:43', 'Returned', '2024-03-19 19:46:03', '2024-03-24 02:40:21', '7653a785-a30c-47bf-99b1-2ed51e039ea3'),
('d20b7935-1ff3-44d7-bc78-154cbc28c088', 'ec655cde-e6f9-44ee-bfba-8181002ca88e', '1', '2024-08-06 10:22:16', '2024-08-13 00:53:43', '2024-08-15 19:01:45', 'Returned', '2024-03-19 19:52:29', '2024-03-22 07:07:42', 'ea5d2d21-697d-4c34-93dd-f9cc9393c876'),
('2be62536-deda-4f64-a0a5-134c23572023', 'c279c1cb-dbf0-49d3-b346-a0917dfb83b2', '0', '2024-04-15 05:32:31', '2024-04-17 04:43:52', '2024-04-20 04:41:41', 'Returned', '2024-03-19 19:55:56', '2024-03-21 21:29:35', '50850f8b-3d8c-4b8a-93b4-776c761e0e32'),
('d23a236e-89dc-474b-9b3e-ee2f545934bd', '8ad868f0-7cff-45fd-a5ee-ea47135fd5db', '1', '2025-02-28 10:04:59', '2025-03-06 23:31:06', '2025-03-01 11:39:12', 'Approved', '2024-03-19 20:05:51', '2024-03-21 14:33:07', 'd58a937f-cc9b-4456-b41b-67878898ba2f'),
('f015f18a-8743-43c3-921c-ccd654a5629c', '652386b2-a3c9-4ed2-a5a1-58a82a27f863', '0', '2024-08-25 13:23:35', '2024-08-27 20:50:44', '2024-08-26 05:27:09', 'Pending', '2024-03-19 20:12:56', '2024-03-24 15:59:04', '489e0829-9725-44be-b82b-e90f9ba8c192'),
('f47fd7e8-aa0f-4de5-b800-003f3873a7b7', '4d2fa122-f66f-4adb-973c-a81af0662339', '1', '2024-11-01 02:16:19', '2024-11-02 15:27:09', '2024-11-01 17:55:41', 'Returned', '2024-03-19 20:14:07', '2024-03-21 00:16:45', '8b985cf8-7548-4588-b10a-f8f5327b4c43'),
('e482f116-8039-47c9-91df-1f201c89c1ce', '1c33994a-2e43-4aff-b5ec-42897168f52d', '0', '2024-10-19 04:46:33', '2024-10-27 01:08:21', '2024-10-26 09:08:21', 'Returned', '2024-03-19 20:20:59', '2024-03-27 23:12:58', 'b285d5a2-d843-4176-a8d9-a947006a2f89'),
('0fc99af0-0dea-4734-838e-700a8f09d201', '9c2d4bac-52af-4125-92ee-ad1b1be5c0e5', '0', '2024-10-21 00:02:59', '2024-10-22 21:19:03', '2024-10-21 01:24:16', 'Pending', '2024-03-19 20:28:35', '2024-03-22 19:04:34', '5e14d590-0af1-4668-8661-6beb89261840'),
('bc530019-654a-4aa2-80de-d6ae1eea9daf', '7850dc62-bd37-4839-a5d6-3d9cbc5a2357', '0', '2024-04-16 03:34:33', '2024-04-23 04:14:51', '2024-04-25 23:35:26', 'Overdue', '2024-03-19 20:33:03', '2024-03-29 07:09:00', '6c16b53c-ac7f-4b11-aed6-61b4c12def9f'),
('4b979819-8255-44da-85fd-77e94ef5609e', '984a4ccb-4c83-425b-8c05-9f2036789d0a', '1', '2024-08-11 10:53:21', '2024-08-20 06:28:22', '2024-08-12 17:59:36', 'Cancelled', '2024-03-19 20:39:02', '2024-03-26 08:08:44', '879e3f3d-18a8-42d5-adf6-7a7bc047053a'),
('3b524143-4db2-4032-a09c-f27e116d9b0a', '1a7f796b-facc-4d36-b937-8b7b92bce2b0', '0', '2024-05-11 18:09:03', '2024-05-18 11:50:29', '2024-05-14 22:03:48', 'Returned', '2024-03-19 20:46:38', '2024-03-25 18:40:34', '68433048-f0c7-40d7-8531-9b061de37625'),
('8584cfde-b0ab-44c8-ac8b-fcaeb8264a03', '28329bb9-aca9-40a5-93c2-4a02f1840f70', '0', '2025-03-15 20:56:50', '2025-03-23 04:54:58', '2025-03-18 00:19:46', 'Pending', '2024-03-19 20:52:16', '2024-03-22 13:24:02', 'c4621401-2273-41a4-a288-65d77ecfdb83'),
('63684d01-33c5-4dcd-a484-2f736bb64e8a', 'fedf1cb3-c8c9-423c-a2dc-66c19c59c3cd', '0', '2024-09-30 14:51:11', '2024-10-03 05:52:49', '2024-10-05 06:26:45', 'Pending', '2024-03-19 21:00:12', '2024-03-27 23:25:38', 'ea6823b5-da94-4ba7-b055-19e8a55a119a'),
('e740df4b-3187-44bb-ac25-c2285df85d40', '8094ed21-a4da-4de1-88f3-a4e5888abf14', '1', '2024-07-29 06:51:46', '2024-08-04 22:50:43', '2024-08-04 03:00:43', 'Approved', '2024-03-19 21:04:44', '2024-03-22 12:25:54', '86be8ec4-1046-4334-b90f-48f6e7b5088e'),
('17bac10e-6e35-4890-b2f2-9e0d76fddb38', 'bec89e08-1bed-4534-8c4c-dc08f3029ef7', '0', '2025-01-23 05:30:33', '2025-01-26 17:10:22', '2025-02-02 00:40:04', 'Pending', '2024-03-19 21:06:47', '2024-03-24 23:36:54', '00f641b1-e1b3-4110-a885-1a6f80253f0d'),
('3364169f-6c79-4324-b4ef-e0cbda781675', '30659720-0186-4851-9c87-b3459d3a0ce7', '1', '2025-01-04 19:42:38', '2025-01-11 16:44:41', '2025-01-08 12:31:01', 'Cancelled', '2024-03-19 21:14:35', '2024-03-20 19:54:41', '56921e9c-a4f5-40e4-9593-6c61698d3267'),
('b81b0461-b3df-4246-8e31-2887e8c94512', '306d0257-b24e-4d40-803b-6d7180d3feb9', '0', '2024-07-18 10:19:22', '2024-07-27 06:58:26', '2024-07-19 22:13:18', 'Returned', '2024-03-19 21:15:53', '2024-03-26 17:15:35', '0988e5a2-86e6-47c1-afb7-e68cead9fcf4'),
('bba81286-3f9e-4348-bfbf-da1b36755486', '5675fe61-d310-4c75-ab38-a25706b18783', '1', '2024-04-27 11:41:25', '2024-05-04 00:10:50', '2024-04-29 11:21:58', 'Returned', '2024-03-19 21:20:23', '2024-03-21 11:53:16', 'af671cee-bf85-42e4-990f-521085bd69de'),
('4d039602-d0af-45c9-95cf-39dc6112d0e5', '1fb1969c-bd81-40c1-b27a-bb05f26c5aae', '1', '2024-05-20 20:43:17', '2024-05-21 11:42:14', '2024-05-30 01:50:53', 'Cancelled', '2024-03-19 21:23:36', '2024-03-20 19:42:46', '39990bdf-18ce-40f0-8faa-73f2889742c1'),
('9743edaf-14f6-48a3-b075-cc4072fb6d6a', 'bcbb353b-4157-49b4-bb0b-6eb2c2d27bb6', '0', '2025-03-08 19:58:42', '2025-03-09 23:32:43', '2025-03-16 05:56:42', 'Pending', '2024-03-19 21:26:52', '2024-03-23 22:13:01', 'be735396-93c4-4c4b-b76b-2fabb24fc2c1'),
('a05cb6be-c28e-4a95-96d0-c321ea3042c9', '9792b680-2e13-4fae-b252-b59dcfafd8f3', '1', '2024-09-24 19:38:35', '2024-09-26 18:20:14', '2024-10-01 08:26:10', 'Cancelled', '2024-03-19 21:28:05', '2024-03-24 04:58:54', '7728dffa-8753-4767-b20a-fcf594586fe9'),
('f7f23d29-efeb-4f07-8035-0d606001c1f0', 'bf1395d8-18ed-4649-815a-45a2cd0cde2a', '0', '2024-12-13 20:06:20', '2024-12-14 15:15:46', '2024-12-19 08:09:34', 'Pending', '2024-03-19 21:37:40', '2024-03-26 22:29:53', '095de8fb-0749-4384-bbfc-610749cca542'),
('49b279e3-684b-42f4-bfaa-69a6c4aad311', 'c9ba30b9-a588-4ffa-a395-475d5ea74408', '1', '2025-01-31 21:35:36', '2025-02-03 01:32:10', '2025-02-03 05:13:11', 'Pending', '2024-03-19 21:41:35', '2024-03-23 08:10:51', 'a3fabfcf-f3a7-4de0-b684-c154a11cb8d2'),
('08512181-5d2f-43b2-931f-79e8185aa863', '97a3c836-3968-4174-a54c-82727f3740ae', '1', '2025-01-29 01:05:46', '2025-01-29 04:05:31', '2025-01-29 15:26:21', 'Returned', '2024-03-19 21:49:53', '2024-03-24 10:29:32', 'b6f44508-0d16-45d7-bf47-12e23de2d73f'),
('c22a8ad5-ac92-49f4-bf58-2e1fe7f0134f', 'eb4b4c52-ce93-4668-af83-26f31ae25448', '0', '2025-01-16 10:30:47', '2025-01-24 14:04:01', '2025-01-16 14:33:09', 'Returned', '2024-03-19 21:59:31', '2024-03-20 13:26:07', 'b6ac667f-5cac-4f74-b796-e22f506a8dde'),
('ee7b3444-97be-4a7c-8d2f-bbfb89a85429', '0110f674-4415-4cc6-ac2e-8891aca3c498', '0', '2025-03-03 20:12:46', '2025-03-04 05:25:41', '2025-03-08 13:08:10', 'Overdue', '2024-03-19 22:03:40', '2024-03-21 04:13:49', 'a7d963a5-8902-480f-9c1b-913216c9b401'),
('e04e6afe-2e84-4005-b3fa-16dd91916c38', 'ac499b9d-64b7-464f-bdd4-d5bd88641b71', '0', '2025-02-04 18:04:57', '2025-02-10 18:02:10', '2025-02-10 07:46:05', 'Approved', '2024-03-19 22:07:20', '2024-03-28 03:19:08', '043e4176-0836-422e-9192-b4b8b853ea4d'),
('95493d03-96ec-439b-9764-a7f1529c31fa', '1b199e45-b02d-44a6-8110-183a468e27e2', '0', '2024-07-08 03:33:44', '2024-07-14 20:41:59', '2024-07-17 20:00:55', 'Cancelled', '2024-03-19 22:15:54', '2024-03-26 13:54:58', '8b5acc44-e691-486c-9a66-00ddb2bef75d'),
('0e8c99da-6f18-4878-89db-785279c5d2b6', '15003f90-27e8-49fd-b9e2-dbbdf184e9d4', '0', '2025-03-17 02:44:19', '2025-03-23 08:46:16', '2025-03-18 17:43:51', 'Overdue', '2024-03-19 22:24:20', '2024-03-29 16:32:27', '9110bf1f-dfaf-4f73-bc84-221bce79714d'),
('27434347-bce0-4721-a999-36cdc1576caf', 'd354c9c8-37f4-464e-afe3-330b20d30229', '1', '2024-04-05 04:37:57', '2024-04-09 12:31:46', '2024-04-09 15:39:48', 'Cancelled', '2024-03-19 22:32:17', '2024-03-24 12:31:52', '077297e0-216f-4f62-b986-72cf0c3f73c3'),
('4ac6f57f-d405-4869-9584-4fbe2b088237', '21a09128-c10b-41a3-849e-8d2a0b95a2a6', '1', '2024-11-22 23:18:14', '2024-11-27 13:41:41', '2024-12-02 11:57:47', 'Approved', '2024-03-19 22:33:43', '2024-03-21 15:18:55', '598f7d39-639a-4c26-b2e8-0061753d2479'),
('aa50ccdc-50ba-41a9-9e90-7d5451900c3c', '64c4c2c5-0c84-4e65-a36d-34ae207539c2', '0', '2024-11-19 12:08:55', '2024-11-23 10:30:33', '2024-11-20 06:26:06', 'Overdue', '2024-03-19 22:43:15', '2024-03-21 18:23:42', '1e39ac31-737a-4f3f-9d06-79e8748dc9cc'),
('8403aeee-a1eb-46fb-92cf-a4c4b508cfbd', 'dfaaaf86-3269-4f79-bc87-392863a0d942', '1', '2024-07-12 00:15:16', '2024-07-19 14:10:08', '2024-07-17 20:56:45', 'Approved', '2024-03-19 22:48:53', '2024-03-22 09:22:59', 'd925d715-73aa-49c4-b23a-754801aa5d03'),
('2e23993a-eb65-48c1-a19a-ba599791c496', '516335ec-2b9f-446f-becf-0d0ca8d74ce7', '1', '2024-06-01 21:42:24', '2024-06-10 03:28:51', '2024-06-10 20:22:43', 'Pending', '2024-03-19 22:51:36', '2024-03-24 04:34:06', '0372e56a-f92d-488a-9121-ab75c4dfd2c3'),
('1a126c74-0695-482d-afe7-41e9e0901048', '6b25b0a0-071f-43c8-910a-a1cca34e437b', '0', '2024-04-28 23:33:36', '2024-05-07 19:25:55', '2024-05-06 03:35:47', 'Approved', '2024-03-19 22:57:46', '2024-03-26 17:18:19', 'bf6321f1-c1ad-48de-a952-7c07b0703373'),
('1c3aa02a-a714-45f4-aa5e-ed22c4f537fb', '7f040792-54a5-42b2-83c7-316362259561', '1', '2024-09-27 09:25:37', '2024-10-04 19:26:10', '2024-10-02 00:39:18', 'Pending', '2024-03-19 22:59:19', '2024-03-27 03:40:04', '48ab3aea-496d-4000-9757-9581428c42c5'),
('872b247d-052b-4de4-81cb-31fab6198f7d', '8656fcbd-c55e-4955-bf95-4a40ef61b799', '1', '2024-05-18 21:26:19', '2024-05-24 03:30:40', '2024-05-19 07:44:40', 'Cancelled', '2024-03-19 23:01:01', '2024-03-27 19:45:53', '19b8b15f-dc9b-4c87-8f83-7d62a9434b6d'),
('03ebf08c-03a7-49bf-9c8c-e785902fd430', '469103bf-83b8-4246-ac16-114f20a48432', '1', '2024-09-02 02:30:46', '2024-09-06 21:59:31', '2024-09-05 15:34:41', 'Overdue', '2024-03-19 23:02:18', '2024-03-24 20:13:30', '16c37b3a-459c-48d7-9390-b53a545918c0'),
('b1abb257-3b52-4d5e-b1ae-504185d80497', '7c76b07d-d75e-424c-a692-88b234e2f5bc', '1', '2024-10-04 10:28:04', '2024-10-05 05:11:42', '2024-10-09 13:14:46', 'Pending', '2024-03-19 23:06:49', '2024-03-27 09:13:59', '9dd9f994-a021-4054-8ee3-4363df9d81c1'),
('b08bb138-d5e9-4872-a8fc-5061273ef627', '431d5126-88e4-4f02-9b32-e48aed167182', '0', '2024-10-08 12:00:00', '2024-10-13 20:58:06', '2024-10-09 00:57:55', 'Returned', '2024-03-19 23:08:05', '2024-03-26 17:51:32', '5aa9dfba-1912-4c72-b96c-97e9e64e5913'),
('d88a52d0-5042-4787-909d-d34b6bf468d1', 'f49f6cf8-1f5a-4064-a159-266dd3fc65ea', '1', '2024-04-24 02:07:09', '2024-04-30 23:00:29', '2024-04-28 05:21:40', 'Pending', '2024-03-19 23:16:43', '2024-03-22 00:09:29', '16a34a09-fd18-47ba-af49-e388c8c16ed6'),
('e9785217-97b1-4cb1-9254-83b79f048875', 'a88a248e-9eac-49d5-b89d-bdd74d8f97c4', '1', '2024-05-21 21:18:22', '2024-05-27 09:21:47', '2024-05-25 03:25:08', 'Approved', '2024-03-19 23:26:38', '2024-03-27 19:35:11', '5e8cb6ff-4d1c-4b27-94d8-a93ec2885620'),
('cf21e224-6793-4be0-bd3f-ef7dcaa38533', '7e563a28-776c-460b-9cbb-a009d9d94130', '1', '2024-09-17 11:59:01', '2024-09-19 20:14:51', '2024-09-23 13:29:07', 'Pending', '2024-03-19 23:31:48', '2024-03-19 23:53:07', 'b0e649ec-ae1d-449c-94bc-f6408e1c3a8c'),
('4704c92b-8ba1-429c-b5c6-c4d61fbd8ef8', '1643fa75-c3f5-4f99-aac7-9d05f65e5a8f', '1', '2024-03-23 22:43:45', '2024-04-01 23:27:44', '2024-03-30 03:44:53', 'Overdue', '2024-03-19 23:40:15', '2024-03-20 03:13:10', '42fc0e1d-81d6-45d2-87b2-89019f5e46c0'),
('fe3c523c-ad81-4051-9794-86ee1f6cc9b9', '581e7ef9-1e5f-44a3-abfe-31a1823c189a', '0', '2024-08-15 02:44:30', '2024-08-19 11:01:41', '2024-08-21 21:49:16', 'Cancelled', '2024-03-19 23:49:13', '2024-03-21 18:35:36', '1bae1d0d-66ae-4dfa-ae37-99978b524de4'),
('bf3e7994-042f-46d0-9bce-151d171de019', '04d23e1c-9485-4b0b-a6ed-4df212569df6', '0', '2024-06-06 18:47:06', '2024-06-07 18:49:40', '2024-06-10 02:28:55', 'Approved', '2024-03-19 23:58:05', '2024-03-26 01:23:58', '5f618a4a-750c-4e0c-b212-84f06ac46f22'),
('2f83026d-ef91-490f-843f-61c3d29e345c', 'a84f201e-399f-4b7d-91dd-9ba1b147f659', '0', '2025-01-14 23:03:21', '2025-01-23 00:14:48', '2025-01-17 21:00:46', 'Cancelled', '2024-03-20 00:05:50', '2024-03-27 10:31:44', 'f11fe261-60bd-42c2-b249-f4ea1d7643c7'),
('e152ec1d-0fd0-4d5a-8117-f4a46ea0bc01', '53bfcdb6-5cc9-4cf5-937a-61b5ed89df42', '1', '2025-01-14 22:11:25', '2025-01-18 05:45:36', '2025-01-24 05:49:02', 'Returned', '2024-03-20 00:07:57', '2024-03-26 15:35:37', 'c28e2ace-6d21-41d2-90e9-bc83eb800294'),
('481303e0-a2a4-443c-9b37-d8c5662a3c28', '0f1ae219-64e7-41f6-b2d1-85d7ca590080', '1', '2024-12-27 08:01:59', '2024-12-27 17:51:56', '2025-01-04 02:23:28', 'Returned', '2024-03-20 00:11:37', '2024-03-20 01:53:00', 'f4ebaa98-5c36-41bc-b94d-d5a96210664d'),
('06ab5c68-8500-4538-97d8-1acd155ae77d', '09806a41-b885-4501-933b-905298e8714e', '1', '2024-07-05 12:25:14', '2024-07-14 03:27:14', '2024-07-09 21:06:39', 'Cancelled', '2024-03-20 00:16:06', '2024-03-24 14:47:21', '2c56e57a-7aad-4e41-ac50-77549ddf8b46'),
('84749b8a-68a1-4c3c-8132-fa2eebe9822c', 'c0b72a93-f326-4100-a571-2092cd7069dc', '1', '2024-10-14 06:00:04', '2024-10-14 11:21:08', '2024-10-23 10:46:37', 'Pending', '2024-03-20 00:17:35', '2024-03-29 10:04:03', '57109a1c-6191-43be-b198-d234bdc783c7'),
('ed8bbd4b-cf9b-4da9-a282-1c6566d2cba1', 'e5283394-2f38-416b-8905-3fe874695058', '1', '2024-04-19 01:16:25', '2024-04-19 16:45:14', '2024-04-19 10:42:55', 'Overdue', '2024-03-20 00:19:09', '2024-03-23 03:40:59', 'a813b19a-6116-4c67-937b-28a5ccd51df2'),
('c239f20a-2903-4c08-8c0e-aaab1ae6d324', '6d63ef06-776f-492e-b40c-5e726ce05241', '0', '2024-08-07 17:05:28', '2024-08-12 16:08:20', '2024-08-08 13:51:21', 'Overdue', '2024-03-20 00:25:17', '2024-03-29 16:17:38', '8b031219-d4ab-4a63-a1ac-500fbce0b8ac'),
('8759f868-c13d-4676-80db-2a540524fc60', '3c8eed93-daa4-4ae2-86f5-23e9b71b00cf', '1', '2024-08-14 09:51:21', '2024-08-15 21:17:33', '2024-08-16 00:06:35', 'Approved', '2024-03-20 00:27:20', '2024-03-29 09:14:23', '28397d1e-326b-4638-9e31-83cdeff3cee3'),
('1b11dab9-b342-43f9-9c5e-3da45b45d675', '536bcd3d-0718-4c0a-94f5-89e2a596b497', '1', '2024-07-29 06:12:04', '2024-08-01 21:43:26', '2024-07-29 08:56:43', 'Approved', '2024-03-20 00:33:02', '2024-03-20 02:59:10', '36eaac90-87cb-4906-a453-5b36c9bd395a'),
('fe80b40a-5587-4b89-befe-069693141f2c', '6a47253e-8e39-4ea1-8d91-e1dbf42d5e6c', '0', '2024-09-17 04:19:53', '2024-09-17 07:45:16', '2024-09-18 01:41:48', 'Approved', '2024-03-20 00:34:36', '2024-03-23 17:00:03', 'aeeb318e-0deb-40b4-91a6-68f1564ac806'),
('8caa5949-5686-4e6e-91a8-c2429e900689', '01e21b50-ee1f-4158-b17c-665c6ffdcd51', '0', '2024-10-02 13:47:24', '2024-10-10 06:49:12', '2024-10-04 11:50:05', 'Approved', '2024-03-20 00:35:38', '2024-03-24 14:03:49', 'c054eea5-8226-4ecb-ba88-bfcf57ea4286'),
('2c9f574b-9cd1-42de-a773-a75a6620d137', '3c4d60b9-5c45-412a-bef7-2881630cb11b', '1', '2024-05-03 14:25:12', '2024-05-05 16:12:19', '2024-05-11 19:07:29', 'Cancelled', '2024-03-20 00:39:52', '2024-03-27 09:45:12', '08abe1fe-e0cc-49c8-b3f6-25b2ca29d25f'),
('f9059e4c-bbec-4a18-b277-c52c0e0b6212', 'e6c87c2b-cd31-4e20-987c-f2526c0868eb', '0', '2025-03-17 11:45:23', '2025-03-19 18:56:52', '2025-03-26 07:32:04', 'Pending', '2024-03-20 00:41:49', '2024-03-21 22:22:48', '515032ed-dd8b-4526-8b16-5ecaa0c008f8'),
('01118afb-f458-4749-b100-449c1271d087', 'dbc7b587-baef-4c60-b700-d22743990904', '0', '2024-03-23 19:38:40', '2024-03-27 03:22:13', '2024-04-01 12:50:37', 'Cancelled', '2024-03-20 00:49:28', '2024-03-25 09:27:59', '03c0d3db-8139-437e-8607-8405f6f0aa94'),
('b42abeb1-c440-47c9-817d-7edac32cbab3', 'f757eac3-d390-4d11-bdc7-4650dd762e05', '0', '2024-08-20 08:46:09', '2024-08-29 22:35:22', '2024-08-30 04:53:24', 'Returned', '2024-03-20 00:52:45', '2024-03-24 02:32:49', 'd9aa1a40-734f-40bd-b918-e5d5d3cd7c24'),
('c4b6a486-d998-4cd7-a407-98c5bea6a9cc', '53f68b65-d296-4b04-9859-61817a2b4b8d', '0', '2024-11-27 08:59:28', '2024-11-29 06:55:38', '2024-12-07 07:16:30', 'Returned', '2024-03-20 00:56:56', '2024-03-21 03:10:17', 'dc31f073-9d08-47cd-9daa-fbda343d247b'),
('5b3a417b-110e-4320-b64a-41b5f7fdb8e5', '7f9b4e4f-e214-42ff-86b9-6f2f521c37af', '1', '2024-10-14 17:42:20', '2024-10-21 07:45:00', '2024-10-21 23:46:51', 'Pending', '2024-03-20 01:04:00', '2024-03-21 04:34:42', '9e363fbf-da7b-40d9-a1bc-74fd741dcd49'),
('f273b0f0-61e3-4c89-b476-e79c2f904dec', '7a0c243e-400b-401d-9614-e427ebd9e3d8', '0', '2024-12-23 12:16:44', '2024-12-28 04:58:55', '2024-12-27 23:06:06', 'Approved', '2024-03-20 01:13:01', '2024-03-27 17:28:13', '0d83c07e-b5b9-4529-9bb1-39e062219a20'),
('1e4cea5c-95b0-4b6b-9417-d6fbc8ed152e', '1603de82-61f1-4a67-ad9b-23bc5d0bca3d', '0', '2024-06-04 03:48:28', '2024-06-07 05:36:28', '2024-06-09 05:10:43', 'Approved', '2024-03-20 01:15:37', '2024-03-21 22:32:39', '58d54221-fac3-4d73-be35-2aaedd118dc8'),
('d7a4111b-ef1a-47c4-bf48-466f529f4d43', 'ff1d3230-058e-4696-9acf-83b49927eb5d', '0', '2024-06-20 05:54:21', '2024-06-28 07:46:59', '2024-06-24 23:19:51', 'Cancelled', '2024-03-20 01:18:47', '2024-03-25 01:40:48', 'aad34530-c308-4615-8037-afdac4cb1240'),
('2882e728-b5d3-4a57-8f63-517545649969', 'f76d5e02-1051-47cb-9629-b3409e7882dc', '1', '2024-09-22 07:22:48', '2024-09-25 10:31:04', '2024-09-22 21:58:54', 'Overdue', '2024-03-20 01:21:25', '2024-03-25 22:36:38', 'ef1f14e2-4a59-412c-962e-e4a8159eaf87'),
('d354e60c-b38c-48b3-9c0f-63e39a59287e', '6f27ff78-91df-44e0-bdbc-3d51f85ab5e1', '1', '2025-01-26 17:46:53', '2025-02-01 01:30:54', '2025-02-01 07:37:39', 'Approved', '2024-03-20 01:31:02', '2024-03-22 19:29:37', 'ec95be54-0586-4e21-8651-eb0cd205ae86'),
('1ee73346-c0cb-4c30-b3c9-0bd92eb7d4aa', 'ed63eec7-b948-444b-9f79-4898892e9e86', '1', '2024-08-28 08:02:21', '2024-09-01 02:35:46', '2024-09-02 21:15:33', 'Returned', '2024-03-20 01:34:01', '2024-03-26 05:33:17', 'ffc99499-932a-42af-9b70-dfbfcbdf71fc'),
('64e94ba9-574b-419f-9b5f-d7d9987cac12', '81c2d741-f08d-4eaa-bdf0-e628abdd66d9', '1', '2024-04-13 19:24:31', '2024-04-23 16:28:10', '2024-04-20 22:00:30', 'Overdue', '2024-03-20 01:42:49', '2024-03-23 14:27:05', '1b932e54-e81c-4774-8cab-bb2f8177a858'),
('e9fc2584-3e9d-40eb-9f3a-2657d6f2c514', '5a14a74d-c5c2-4b4d-8724-64e17ed2997d', '1', '2024-07-15 11:24:07', '2024-07-16 00:13:39', '2024-07-19 03:08:07', 'Approved', '2024-03-20 01:50:05', '2024-03-24 04:09:07', '02506a2c-e7fd-4110-934a-98cf758fac4a'),
('9bcfa82d-b1ab-410b-8faa-8dcc695863b7', 'b3ec69bf-b23d-4e2f-864c-0211a8893f1f', '0', '2024-11-04 13:29:50', '2024-11-10 23:11:38', '2024-11-12 14:01:53', 'Returned', '2024-03-20 01:54:27', '2024-03-24 10:57:52', '0dc41de8-baeb-4a58-bee3-65a0eb320d3d'),
('a1a41ea4-6db5-4a55-b968-f86a67a44d34', '3887959d-5987-4309-848c-9938598816dc', '1', '2024-06-20 14:29:10', '2024-06-26 02:46:39', '2024-06-28 03:52:42', 'Approved', '2024-03-20 01:55:43', '2024-03-23 08:43:21', '37333ffb-fd80-4ec8-a79b-49aeef09bd31'),
('48d597a9-e40a-4f3f-a207-303078e3a305', 'f5d0b550-9873-4714-bb4d-62d8231c091f', '0', '2024-05-27 00:31:54', '2024-05-29 14:31:02', '2024-06-03 09:08:32', 'Pending', '2024-03-20 02:00:00', '2024-03-27 12:48:24', 'fddb76e6-f695-4f54-89e8-095c20a6a80d'),
('99e1a736-9c34-4d1b-b56e-74fb6df14cd0', 'e8c8023e-df2b-484c-8275-e3dfaf83d6d8', '1', '2024-08-28 18:54:27', '2024-08-29 13:48:17', '2024-09-04 22:51:59', 'Cancelled', '2024-03-20 02:01:52', '2024-03-22 05:14:46', 'b2c14c55-6885-4cfb-bc3e-4239becdf90b'),
('ef0eb5ca-c908-465d-a39d-5a07198496bb', 'e2a51658-e2fc-4637-bade-7d07d4886658', '0', '2024-05-16 10:21:33', '2024-05-22 17:00:34', '2024-05-19 07:26:51', 'Pending', '2024-03-20 02:03:28', '2024-03-20 09:11:17', '87c0fd78-ecc5-48df-b5cd-e9b5b9b42ea5');


INSERT INTO "users" ("email", "hashed_password", "role", "is_active", "is_superuser", "id", "created_at", "updated_at") VALUES
('X+G++-5l%p%I-_%1_-8SXk_+tk2-2%_4r%-731+1D7l0l62+.%40+.o%T+n+_A%++6%%_6+3.++0+-+%i%.i%_+44-.+h_@.875.8XQ.W.BNw-J9kE-sGn2Q.5s791761.r7.CcBLnHtWgbmBUXlrTtaYoBwdvFcvYknUYplVeXIfaghDanNhCMrPbqczfRNVKpADVKJhyXodSJlEnkGSRRdybpOqY', '1D5ada0ebBAFbdF6eFdbDE83b1dD0Bc7ba84FfDEB8EE5Fba929BeD6ecCA0Ed7d', 'reader', '1', '0', '2c9f574b-9cd1-42de-a773-a75a6620d137', '2024-03-19 17:35:17', '2024-03-26 11:43:37'),
('c%-u_+.P22.F@wZ.Q0zIX85.A7cEm-YY0L2dyK-HqLo0xYEZS.eZFP-1tU-..5.mlIr5KLLA2QtHZ3o.3Z-Y3-6HM-3J372u-SkI--GMN7Q.LimLzsmVHdkrnmLlJZBMvJePsxsZLk', '54faaCbf10F7accB2Fe2Db6AB8D6aAFdB3a58F7fd1dBfcBfEe1A2eB6B6Ffbf23', 'reader', '1', '0', 'ef2f4dd1-96d4-4e27-93bc-0cedbe100e3e', '2024-03-19 17:44:16', '2024-03-28 16:24:07'),
('TtHk+-++_Q9_@YR--aKgI-6C7QR.nAS6AL8g77-390f.GL7..PN2s0.-AZlDM7zG-tyB-l-4-9.3f.Lo6PjAb3zbl-55zv9U-J3n5.o.ROH5--V-.tiqjRKBsNzaPXBfXHxBibhvTwfLrKuwdejwBTkRUJFvtMTvJGxrClbjVyeGWeaKUjwGpdL', '36bcFbFB9B203fDD78bA98ca31CeD1eb3F2cd3Dd5bB7BfDe17d9EcABe37EaCAb', 'librarian', '0', '1', '481303e0-a2a4-443c-9b37-d8c5662a3c28', '2024-03-19 17:51:36', '2024-03-26 08:24:23'),
('p++._%%3N%U-%4__++1_8+4%yn__%AF-Bf@-08..i-lRKrWn9-B54aeM.W..O4Svy5....aTB6A.0c81nyLt-c07P0-3P.XMbcRWs', 'D4EC9bf88adadFa1AEc1Fe6FDA60BAcFa2bDceB7bF6Fb5832acebAaf89cd34fc', 'reader', '1', '0', 'da32244c-d84b-4611-ab0b-7b2c0d76684e', '2024-03-19 18:00:42', '2024-03-25 09:31:12'),
('b++I@0Or9GD-n3T5gr--C32TC1b71IN-v6raqO.rX.1.7uqE-uJ494...-0.Lcr...2dK.2.mVqUfkJyBxVjSiiSKwgL', 'd7FbeBEfBefddAD88D7C89bFF2FB88d53D9d6eDfE78bd3c9aBc6875A6c939CdC', 'librarian', '0', '0', '8403aeee-a1eb-46fb-92cf-a4c4b508cfbd', '2024-03-19 18:07:32', '2024-03-28 20:53:13'),
('E-2%_1%+A%Z9A-+_%_u%Zl.+D+-%-6F2X-%L++L-x-+6_8R8O1%K_Is-gj5Ig%Z_P+4+%cQ%5Q.+v%_PkU%_+Z+_%+_%._@xW4uF-YtG9jJ9-Wf3S-.sQ-sbC.71-T-8m3eT.qKqGoYEozwDGZFSCmlZzgFIBJrxrSnLjLsRQMzJjxrtJtyAWvafWTVAoYjLFpGPCUvvZUZvvgXsjXBffAFtx', '1aCBbcc5aF0c2f5aBEBAa935C73cdDeA0Bf138c6ACeCCc4E09Eff62FfcBA4cED', 'admin', '1', '0', 'c22a8ad5-ac92-49f4-bf58-2e1fe7f0134f', '2024-03-19 18:12:15', '2024-03-24 03:21:13'),
('i6I%I.%K%kI+%4_-%_+a%1WX%xO49+K%+++Ql+%5_+S%6M-@R-Ur6Of.p-9K.D.MlK9l-Cx.sifrqQKqYSzWuHEaVMqtrHXnsnYlWddEEnnoSHETsPjaNnjoJCxDfPGSWzEbCOdNRVAMeKHPHrviD', 'eEf3e3A07fBB393Ec607E4b8C3D889Db5CafA7A59A2BC6e2DcFaF4ECeaCD8cD1', 'librarian', '1', '0', '1e4cea5c-95b0-4b6b-9417-d6fbc8ed152e', '2024-03-19 18:14:39', '2024-03-27 23:26:34'),
('i_-0%-z.9+TPIq4.C_%+-2%%_a.7__-+%p_2-%+_%%@.GZ-Tk553m-GQk.jzOt..-.1V-p2iq..I-YtCwvtBvF4k.l2L4-PY7Z8.Ess3h--pY6NW3r1px7j2.9e.1--5i.-Y1hI4W.rhacRMudfALgbxojMwn', 'fc5e265a7b46eFc32C9DcA480bfac39dD87c5daFBefe73DfF931c71e33eD54df', 'admin', '1', '0', '01118afb-f458-4749-b100-449c1271d087', '2024-03-19 18:21:49', '2024-03-19 22:22:35'),
('p.2v%0n_+7%%%%7++YLb%.40+oG+_%+_%9_09@047p-eoPk.hZv-QoU99Y.MyopnnEQyHfmrbgVshoFwjmmBvJScXbNbQsgKgzUPkYOUYYwofloDlnCnwLoQplDrGTajaBWrpREsPVChMZkcHzRTxfUKxmPjW', 'E2cc87DECfdF61ab2Fd47aEbCecceFFd08EA76f9db7EbCfFBDF0E9B2Bcd43c81', 'reader', '1', '0', '84749b8a-68a1-4c3c-8132-fa2eebe9822c', '2024-03-19 18:29:09', '2024-03-20 13:30:52'),
('pK_1%%+%H+_38f.++FK.9+y._Hu-P%iGh__8_%%-+.+4+%+.++%%_%%j%i5G3.nP__%-%%.%@y.s-0ZPU72RNuc-P-.-.46--91gC..uUMKobYQVosRkYptUndImeEIgMdWFlzFKkAgxtRvqyugCytmRSOoGDiyXcZDpjwDUmFrzc', 'BADf23Fe25936f5Fa07D987ADCa42eDF3DfB67eDFfCfE12A2c6cfCFbC8efeC48', 'reader', '0', '1', '17bac10e-6e35-4890-b2f2-9e0d76fddb38', '2024-03-19 18:33:46', '2024-03-27 13:51:48'),
('Q+5++h1t0%wdP%2cM1_D+_+.--+x_+%@3-56b6s.p-s-vS6py-rKh76Zq.-R1or.D.2s..6t-.r197Q-h.hw.94-83.-.N31XeGu-4-..K-3GD-hd6.-Hud-1.h.az.akUTkcnMIjOdIehF', 'e6a6E1EAcb140FeaA6fBAb7e4aBED8Be4Be9E4D5cdb971f3Ac1Daef8FaCd0ef5', 'admin', '0', '0', '3b524143-4db2-4032-a09c-f27e116d9b0a', '2024-03-19 18:43:18', '2024-03-26 20:04:32'),
('xF27Gk+%78+%..l26f4Sc.X+_.-6-0__sxt694+1_Z+.H+7_s-_%._+++.4%-%F+_+_w+s_M%-+_+_r-7-p2t@yQ-.59-CW.NFIPMhcgmmjLi', 'cEFB8AbaAF4fbDbFDc8CdABE3B6dc4EeC0a6B8dECFaaEA6aEe54cEbEd1D4bCDe', 'librarian', '0', '1', 'ee7b3444-97be-4a7c-8d2f-bbfb89a85429', '2024-03-19 18:53:09', '2024-03-25 11:37:21'),
('Mnh_-m.X_++2+p%b_-W2__-_@-bRu-l..sa7G-S80L4-l285X5g5AoQEF-m.gMKRN.YV-u2dZh.ezWhXzz.t.A--n-859B.-.mKGhrHVmeMxxtHjnPEvhIRYfrKZjPYCqgbYWubxaDDBfmxCpzBpSGhHwHpnmBHDrKVWWkxWQVzGMXxLMJljsFNqVDdBIdiSidV', '10cCddfAeAB5406ee7fEEbEbfcDE18bAbDf62dDC2aBed815cAEBA2dC0EBfabEf', 'admin', '1', '0', '06ab5c68-8500-4538-97d8-1acd155ae77d', '2024-03-19 18:59:29', '2024-03-25 06:18:01'),
('C+-n__%_.cCC%1LpCg.o+s+%_b1%%7.%+D_C+D_97_%-hC.e_+5I%_iE1_GF3r4_+JQ%+_%_q5cC7_w%%3_.%+n+9_d.c-%xC-@-aW1vRf.r4rQ555A80-r.te6W-ea--C-SL7r3pg.K-UZXD9Of6p.C.WO7Kt5.dDzL1.-4w.z7n-75.8I-1..4R9-Bf.-.R-.g8E.tQMJunpWhtIkSIbsMbyZXNqVprDVABRXKNGCJrXTlMjlezGkjSkITPtryrqgTnEwnCZTH', '1FcBEDBACDc194dBaad8B489F46db4dE0Dea5aeFE929bd2AEcE16B83fEe6ef2d', 'admin', '0', '0', '8caa5949-5686-4e6e-91a8-c2429e900689', '2024-03-19 19:06:04', '2024-03-25 05:44:55'),
('Q_T-+w+V62%+%f%%%_s7f+7H+_%%@67FJf.yQ7G-T-.1-CPgE-6-ce3Jk.G48r..-4-v0-eL3Q4ovY6-.Zf8.xq-.-s-M5-.iCEcw.hrjhW2nw8-.Yc-.QCxnYnBlGd', 'a5cFf1DBcFffFAa2Eceb4bcaeaCBf59dE4CeaEa3cAf5B496f4FbfFCeE07a3aaD', 'reader', '1', '1', 'a8cf1ac6-24e0-425e-81a2-6597b6117887', '2024-03-19 19:12:28', '2024-03-29 02:19:07'),
('M0_4%+L7.j+__2_1+__%4DV..W_%3_MsY3.5eT@M7V.yklWesbBqeiOaGpONxsTFdszXChYZUzRhnCeEujJGUEJOELwsCWaLoHYRMQDQzmIVpPraNzm', 'E5bBfa29868e2bd6ACEb4a3eA8be219cabB7CcEFeebE3DAf3B602dead6c8CFDD', 'librarian', '0', '1', 'bf3e7994-042f-46d0-9bce-151d171de019', '2024-03-19 19:17:50', '2024-03-26 10:56:58'),
('Nr_+l__+R-+.+_3+%Hu_%j+%d.n%0_B_h%.4P2+.Dg.2D_q.+Q%x1-%@lBM.OA.b.71.d-0.TG.K5-JA0I61.vF5012P-QF--L52P0OW.l.s-xo8.7.PEZAwGpGXrCzSepzuuHNKHZioBAqHX', '4B9fF2dFDbCDBC4f7f9c8e6feafed46D7CEc325c699b94e3f8BDc7dBF6C4CEd1', 'librarian', '0', '0', '48d597a9-e40a-4f3f-a207-303078e3a305', '2024-03-19 19:21:33', '2024-03-20 23:56:55'),
('F+%.-uU.v1J.i_D+_@5822v.CjpD7P-ILY.6R0w8--M.B38.8.w1-67DwG-S4frr.8W--i.guk..CkvnBRhFulfRiuXltlRrcqQtaopBwimxZkGNFsCEUZvMiYZfcwhu', 'dcdCCdcab2E931F0A26B9F5481fB3e926D7bBfe779ECACaa0B5AFC0da0A5fDbd', 'reader', '1', '1', '1b11dab9-b342-43f9-9c5e-3da45b45d675', '2024-03-19 19:23:44', '2024-03-25 05:24:17'),
('f_%+Q_9+%zx_9-Y2_6_Y-P26%3QAf%-_G3@.-RG-J7mQ.0.-J-1fjMSO-.B6c9zTO8yq--.Bn.9.3-T954.DsHnYYDziIqhDPAsealYvUzCGkwytRUdTzMfMEUfwSuQSCjgkiZIDdfixIxwJcLqPJNcWpHfKYxR', '9ecCAF9Aed25c02bbADac7dbFdBF80Af2efE5Bc26C3aFCFC9bDf7eC1efFfbd25', 'admin', '1', '0', 'd20b7935-1ff3-44d7-bc78-154cbc28c088', '2024-03-19 19:31:21', '2024-03-28 10:46:28'),
('b-.x+%Gg8%V_%%_G%H07g9.--.-+4+_+A7_+P9.Po.Ynh.__@y67-fEPHH8lty7aRa-1D-2-8--2Sg.-jM.C.r9.IK44n22.u-a1uEJaF5v-T.3VV-98h0wus-.--B2Hmd6.fAOT-32q8q-.gEeqXMRxGpShOhZuuCxRYHanxUNptYiZohyUahAEcIGIueDZKzEiwYciAeqNMxOfTyiyBuRTdpGcMF', 'f18fdA0f2e8fbDCDEaEF9bB5Ae3CA6fcAceF1fd3dB2ddbD06aFfcFF9Eb5cFEef', 'librarian', '0', '0', '2e23993a-eb65-48c1-a19a-ba599791c496', '2024-03-19 19:32:46', '2024-03-20 04:36:01'),
('S__v+__.5_hL_I+Q+7R_+.N_+_N%8+cW2d%c_%B.+3.P6_d%8%__+DcMD+G86++%+QA%7Gy+L%.Z-V@PPE100KzHu3.-.4Z7CSrx.-325.-7K2-9bH.u.E.fiN-Pn-.19X1j.BY.nZhHUvUTOmjmJmihIPMIcyXlfrNiArGyySKgVGcZOtdvzPX', 'BaA5f62ECDeDDc6DeCEDbA2AEb5F8ed9FABDB87DCbb4ac6F517c69dDff46FcAf', 'librarian', '0', '0', 'fe80b40a-5587-4b89-befe-069693141f2c', '2024-03-19 19:35:53', '2024-03-20 02:25:40'),
('z.90.@-6w--561w4--4x.-Cx0j0-A41.2R4zWPh-.SWlYyJaWXSWhIynETpNpTapRiQgXnwfNqaerGhjIJNpMfXPvhCCMENbh', '1fDb3aBE74C4eC8Fe1BA0FCF3EcfaFbC2a3D31cEd1FAdFdd5CbfF4bDd2B5dfF3', 'admin', '1', '0', 'd88a52d0-5042-4787-909d-d34b6bf468d1', '2024-03-19 19:43:01', '2024-03-22 19:22:21'),
('G+4n2+++I@Tg9euXxX6.r37.-.2aO8.IWXAMwTc.1.mLrfaSLAQrfHLXoxXdKQfsVaLdqGvEzhsLcOykLUKyokVQvGPXbHtBElMGOWGYDD', '459f8d7cfcA0062c2ed0A567d68cbcEdA1Cd03cCceA9Ab899D2EfBA4efFB27db', 'librarian', '1', '1', 'aa50ccdc-50ba-41a9-9e90-7d5451900c3c', '2024-03-19 19:49:50', '2024-03-21 09:30:05'),
('CB14_s_PA@0N24aJS-z6o.b-4xXO34dL-Sa0885--.-xYX.S.eC.M.-z76.oBwDnBwPaVKXKRmxUkSUDfHrJaSgCmyYNWwDyXVuGzYYrtuJAdoCkCwxP', 'dBbcD4DC4a26ddBE1ebd0DcC3AF5FC4Af63C726BBceC3D367bEaC7C0c6b03CEf', 'librarian', '0', '0', 'e9fc2584-3e9d-40eb-9f3a-2657d6f2c514', '2024-03-19 19:50:59', '2024-03-23 18:03:41'),
('Ua+f+.9n+y@40m.Ek8rh.iy3M.0.ZWdTVNuMWbjFNlRvBViqvRzGnyGvsWAevnwTulmElcnISBsFnTtgiPpuiBYXIcPTTomKZuAnQqDBENJbbKLazA', 'F0bc9cec0Fea9a5aa2D9eDEaa6cefD3eF6FBE9468Ff10eEF8F73AcAc4AcDFbD5', 'reader', '0', '0', '1ee73346-c0cb-4c30-b3c9-0bd92eb7d4aa', '2024-03-19 19:58:40', '2024-03-21 21:59:12'),
('I+_Lfd3%%.%-n%+%+%++_v%+.iy5.n.594%Q%+3-++FR%__+E-LE%1%+__+q2__.o.++%+g.AK@--WC2j85t1jbA.TvZ-M-sw4jD.-8GDF9-msVVx-.x4j-.33-W.Qn..cQ.FW49Ejj..8-5G.GjzW7z-v-o-V36r--.b6.a..CuphadHirTsjFSAeLLE', 'fC948aEED08443f911FeB0def2d4eFE1e885effa59eaEcBBe0e2FCDDDcFFef28', 'librarian', '0', '1', '9743edaf-14f6-48a3-b075-cc4072fb6d6a', '2024-03-19 20:07:36', '2024-03-29 10:12:51'),
('pfI%e_6_mc+4%%.q-t%_.-Zl+_4__K.._-W+%%3h3+__c+9@-vhr3rf2bFHq.PDb5.9.FIoyViOajHjPzZygXPfyJ', '9a9EfFA062533CB2fB99d5bEbb9FAF5Cc5cD210DAA3ceCffcFb0eD3db8fcD94e', 'librarian', '1', '0', 'b81b0461-b3df-4246-8e31-2887e8c94512', '2024-03-19 20:16:46', '2024-03-21 15:07:33'),
('k_%+__ip_%A++n1_.71+_Q_X%+%e+2%%l_-v____%+_-0e-_e10-8_R_t%p-%4%%_Gmcd%-f_@Bby-1.F.Pw-eBt.L-CUNMX3bvZ-V-5z9-bK.e265uzYw.3-4..-.E.lv7f483Fm67.xrfnXoCgqHcQohcLTXZCCrIyjovHkTjOhqxdgKNLoMFZeWfuOmdyfnSrnNbfMjoYxGONxKuxGhKfzsWKIypFhPSHgmaiT', 'dfdFA0EdDB74EE8Af40EeAe3bE3DDE0dec2044FA5BAb0B5Ef7C17eFdFeccDBbf', 'admin', '0', '1', '0e8c99da-6f18-4878-89db-785279c5d2b6', '2024-03-19 20:21:23', '2024-03-25 06:21:12'),
('H+-V.++Zm%+_+r-_V_+M%%5%.+_+.1.64q_.%%++%cFU+%A5+e%%+9WH+G_-q+L%9Y_1_b3_._5+4@e1gwS59e8U-.HRq70.UtnQqmZbiPQtjIMKFugmDwIGLOIOtdsIHNEBe', 'eaA8bcB5cAc6baAEE0D6fF8DBC6CEc68cE04D2E7fA4A542eBFCd0E7Bf2bADcCA', 'librarian', '1', '0', '63684d01-33c5-4dcd-a484-2f736bb64e8a', '2024-03-19 20:29:25', '2024-03-25 11:32:27'),
('r@A7M..Df3b-DX2-ba--.7bcMG-m9y4.g-2N6Ue-Y..OLvTLCei85Vu181-.0.U3h6Eq3..51VaU.gw9js88NM.eMkCQkCpiXSJVfcvMSanckBmIMWvBPtZDzMbZPsBCJEvSyzbJ', 'a2cEB570cB1Fdb9b63FeCBd9Df7aCCF4b4E940eAdAFfAE3c5B1fFEE3a9f15b73', 'librarian', '0', '1', '2882e728-b5d3-4a57-8f63-517545649969', '2024-03-19 20:34:10', '2024-03-20 06:36:43'),
('jt%%1j%_++%_U%+%F3-_+-Yy-i_8._u++.+D+%.%__B+g+%-9_+_.+P+0d_-.++.I@b-26U5.6lq8ZK.8ViDNV655oRrj..2Na-.p8X-8y4RX-.-aMp-Klz980Bz8K0-9.-1.DhxeE.30-.vO.h-j8a-.-.8q.jAYwLbnzUDDbTjLYakFqHLJuVVqRCYIDpTPpvgmUin', 'E779Dccfa8bfeDdDac5aCced8AF43Bcdb7Eab0baecdB8e6fb6E7CfAae0bB2FcF', 'reader', '0', '0', '3ec73145-990b-4d57-9553-4d449d70bf5a', '2024-03-19 20:38:33', '2024-03-23 08:20:55'),
('Gn1+-u-20U+D6_56%%+6-Q+%-w+%8E%f@3.-5g97IQV2N2Ms6BrnRj5R.s1nLm1L4.o7--b-DKKPH---2.5-p--R3A83F9NZ-r-.oDhFtKweiWIalnFdqHLkxEjaJioGnEZIWRRikhawvLzDcKPQstBnaXLXlfdaYoxlwPiOjCSfjzVBdimgUHEfFZDbkDfUlV', 'a06Dba7AC4Be0Baf3ecEdFFdcd8CED6bDfAA0EFDbafE46BE6FEbED6E6aAAD9eC', 'librarian', '1', '1', '0fc99af0-0dea-4734-838e-700a8f09d201', '2024-03-19 20:45:37', '2024-03-23 17:44:45'),
('c%POs.R.+-_lT_r%W@smzE34zR.St3C.2-5.-I.168.w.k920.tZRvHgJMaIKQDaJqbuQ', '7Fd2d3aceDA417D6DcA43AcAb73Ed7C058B81ABECABBDf6A2b2a2DBD5D0cdAbe', 'admin', '0', '1', '4704c92b-8ba1-429c-b5c6-c4d61fbd8ef8', '2024-03-19 20:53:50', '2024-03-22 06:36:49'),
('F__D%+.@V.rlIUgIZwKTCWnwadaEunMTjYBxFJoUGedtg', '43eddB6546f8EB3EaBb8E0CCBeEF8Abb1B0aaD8Ada3C1eadDBece4bE4B1b2Ed0', 'librarian', '1', '0', '87585bfa-7e41-4aed-8e7b-20688e255532', '2024-03-19 20:56:05', '2024-03-21 02:14:50'),
('i%%2..+Q+d_%.%+OA+zmX%M--.Ue__+_U.%_P_07D%Fsq%_49_EMYN%Y__wB+W+__+-%%fHw@.445r.17-y-p357m199.ekgkamyAmLGyHWGGPmBjMTjNKOoANgHIZhwuXmygGvcyVLsLiDKUryGzrmUhoI', '1F3bBfc9514CeCeeb6cDF96cFFA3e1C95aDF1e7c3e7AeB5bBeB6FdE895e313DA', 'reader', '1', '0', 'f4a5b9c4-f293-4cdb-9486-cdd87d440c42', '2024-03-19 21:02:07', '2024-03-20 09:34:35'),
('f+%_0+6--+++c7.%+-S-_B%.%t8J+%f2+2.-.-.+%%_K+_z_9w%e_U+%4q.--_-B_n%Wl-_+W7%+5_996aI@.Yhsw-.acagjqGNVrYNCTIlpXihEiKobRdtcrhIZoVjcaMsKOXaWMHtvzLbSXSUmdGtQlhUlexGIivOngBqyDTMglDyyeHowJAABk', 'afbFeAC7DfCaDDAdFbCd997A8A3DeEBCDaCCCD65c2fEafA532d2E39CfFBFcA29', 'admin', '0', '0', 'c4b6a486-d998-4cd7-a407-98c5bea6a9cc', '2024-03-19 21:08:42', '2024-03-20 22:38:34'),
('H4+9-y_7d2_j6e+4s5%_%4+_._c%G3-69___R_aBq++0.f--+_57+_H%_-%1-8%4Agy%%-w+%%s_Y+_WXo_%m+u+6T@57s96--opW5jU63D.-2-rr-9B0MJH...ZK7F.ZvRNVAjeRsXMfopmhqHqLuQIygrn', 'Eea6E9A85ECB7dCc0B6FD85CBadFF91c15FCD0C2e67aEdfdBFEBBc65dbdEAfbf', 'reader', '1', '1', '4b49c9e8-36e6-448c-9570-4f5c503b754b', '2024-03-19 21:15:49', '2024-03-25 08:58:17'),
('T_7_%+_+5jQc..+0O.-.S+5..3X__+3r+%_.@9-72qQZh7l1-64To.vr.-.s4P7u7wS11-5LSr.5.I9RG.WjK.06-v4v4el2-n8zsOWC72K-..-U09E84MP-Eh1--pCw8-.RNGRVqLmJXZeXfUQvWgFxSMPFMzMERRDVjtgPkTGjdSmbdPgxoxEsjSONDoOwuhutwUZGqZOaCZruHdUtSotzUkCtsCHCOxE', '86262EcdBA151fBccfde7Cb6Bef4469bbaCDedeba54dEDd60119adfBbf9cEBab', 'admin', '0', '0', 'c23bcd49-2f30-407f-bed6-5262609d963c', '2024-03-19 21:22:48', '2024-03-24 22:30:27'),
('A.__K..%-7+_%+__W__k-n4+h7_@-0N.C-m--4JVbvvm80NG23F.q.O-s.Apb9j-X1MMw.cw8HXdF.1awb54.ES.WXem.4bMAQK.0e5-LYEf-.B8A005.1r16..iyNuMUZyxdzkPoMneKkfcbqzwyROFBeyHVlIXkKbvwEujjtNEmSTvZAqwASTdLKFSGCGZqFxMnN', '3D87fFEDaC1ffFEcfF49CcAA0FeaDFf2fa6eFAdDfbeC11b511aeBfdF2Ba8d7dA', 'librarian', '0', '1', '64e94ba9-574b-419f-9b5f-d7d9987cac12', '2024-03-19 21:26:50', '2024-03-28 02:25:59'),
('L..-a-+_7_+_+%-+2g%+%%+C+_6_%Y-..wR+H_S++_6++86j2x__2+_D__-R_+-4%@-.-Oj-2Z3u-Mf.pLte685Qpe.B-3W..1.-7L-Htf.AbS49-BjN2Vr5tXVMw-....3.i.on6-p3.IarxuzYmQN3Dtn.5XQ93.fmrwasGmJPnmSxzaoRQvpBTroZiFNXNtFemTkuVPZfXQqMDDyZBYhzcnzpzkzJWCuWaGKlcKgyq', 'D84cFDDdeaDE209bdaC4A4F2Bcb0Db176EEffF7A930Df0338fe14DaAEcDcaa5e', 'reader', '0', '0', '9c9dcb74-18a5-4408-ae98-25a133512c52', '2024-03-19 21:36:43', '2024-03-24 08:54:26'),
('h_%%no.%e1_N%_89%1Z.L+%c_F.uB_4bS++-6%Z-VEEy.84.%_ca957%_8-+%-0+E.1q_d-%-_P@MT.-.ZQ--4v02..t.h.Em..-vv-E71pp0J5qC.DxfDgBQPmoGOyWGABRRqwtYkBYiidczhIHQSEPObsrnBPnsYlxzjqbZiCIDNCLPhX', 'DdfeECCbd8fcfc5f966efcfAE80Ebb7F90d38Bebef11df1ACc9bbfAD9e2F7c57', 'admin', '0', '1', 'de256a33-0155-4ab4-a65b-13c5b18ad945', '2024-03-19 21:45:11', '2024-03-25 20:41:49'),
('d_x%a%g2+2m+---%4%%g+++%8_-+q+.D.@7-VGl4f3bLSrU..Rtm.-S0ed9Gs2-7--ewC92.N.0yIhE.XXlSo.x4oqX2P3-O.vY-P-.5.GFwSXssw', 'BFede7e5Bb58fdeb8c1edDd4CfDbC5bB8d1548bD8FCD2cc5daE72aBD9c7CadcE', 'librarian', '0', '0', 'a1a41ea4-6db5-4a55-b968-f86a67a44d34', '2024-03-19 21:53:12', '2024-03-22 01:20:30'),
('u%PGtB+_%0it+_-l.rr3%+++I+%W+_.V%+i+_FC%-8-+-vB.n.++%X%-+%%00W.__.+NZ--t%+@Dj8ux4R05-N.W.HbS.-5.p.4-49-NA6T3Ssk2z.o--.OnS.....81N1J14Ze69Z3.jvwzPdMCGkkteNjCgPIoXwArrWGCrEnBFLsRiRukFCbZlwpBYaoDCjJHvxsoza', 'a6FeC32ad0baBe6A8BAD1756Db1bfC1d49bcBFA6ddda678DdCEFeEf7f97F2FCC', 'reader', '1', '1', 'e740df4b-3187-44bb-ac25-c2285df85d40', '2024-03-19 22:00:18', '2024-03-23 17:53:13'),
('o%+1q7%__+-EFE-@CevBM-92-6.nAC-8oYZ--0T.-G7t.X.-CbjxCC.-.4Y-..9S.7Ro-tri9.mogz7..zvJdhOYGAlTzswricYPfmNmYxLNpfZwarwHqHAdnphyAgddhtqrzvDTMMHDUJcCRKdWMblMVopGGxHmjFumujuCBirZK', 'Fb0b453E66eCBeEEaDACdbE83FB9DAFEBAd3EBBEAddde2fD5F3ee53EBf9E6Ec1', 'reader', '0', '0', 'e30f36e1-237d-41a6-8bcf-23a1761bab25', '2024-03-19 22:01:54', '2024-03-23 16:47:36'),
('K%%_%_+%+mD+e+d++eH%0s+__e_-U6-9%++.-%L_%_-%J__gK+._+B+yM%-%1.+_Q.n4cx.a+9+.%+%%1%.++%_%._@Eq-8.8se..0ms0Ajq.WHFB6D2kg5mtjh1gu-h.i-4.4.wP.-L-N53.gzsLiuWzCKbaZSL', 'Cf6c4777Af480BC8cBFbFe5DBCB4B3A9dBCBFBcC04Fcca6Aff14af2BabbaEE5a', 'librarian', '0', '1', '95493d03-96ec-439b-9764-a7f1529c31fa', '2024-03-19 22:08:26', '2024-03-20 05:32:38'),
('Q-c+_1H_%m1hOQ-%+N-e++g0Gd6J%+Ha_++2%t-d-+_x_Q+%+-o%_-.+7A_%%B4D+1-l_--s_9%R+-++_Q2_@7ov9.7-FIcr5bs.We.Un-.Ao67Q.OPsU.5jNX-.-T.w.-KVKghu.O--uQX..y-ow.1-TnU-..X.UkmzpocECKQUTPFJIzhRWquvcOMONOSwBUPddlqfahKhReGDaWUyZDxgWepsAv', 'CDaaDae88Bd4AEA0dFD4F2EAeAe3CbBC0E1bf6f8753ba2c6600BfDdE39a99cd9', 'librarian', '0', '1', '8759f868-c13d-4676-80db-2a540524fc60', '2024-03-19 22:15:09', '2024-03-27 19:23:39'),
('E_5Tf+cfath.L%z-+oY+j_+++--_%iN.+++TS7n_Q-0o.K_.+_7__.%%_+_-5QI_++1b-Q%%%.7N%-y%9%%@.UX-.0Ak28W3W-J.PKqsvCHnfaE', 'c392DBAec3CFA9DE6CAc2FCCa2cceFed1aEf078be3fFEE23dcfcAe1A0A5a7e5B', 'reader', '1', '0', '1c3aa02a-a714-45f4-aa5e-ed22c4f537fb', '2024-03-19 22:24:17', '2024-03-20 18:48:28'),
('M8++k-%y5@D.zlJ-O3E7T5z9dS.u5.3ra77u-bP7f-NhdDQ8.2aL18-.-g1VsI6K3.49.z.-e.8.rPXSZ7-Ty5.rRtsqMtpLgtaJwqShWsZGDKfTXmpQerVxideoRkWXFUfnjehEdyRqeGOJCCkeejhtRUIlKsnTaSqdk', 'e1ba84F0B0dbdc5CFFebA8EebeFB766aBfC5BA7aFcF9ACEEaBAC1Fa0AFEbEB23', 'admin', '0', '1', '2f83026d-ef91-490f-843f-61c3d29e345c', '2024-03-19 22:29:31', '2024-03-25 02:01:10'),
('W_11c-@i.0Zp2K5Ky.L591.C.-..6yWM.-D5y5EuiZr5Wy.g25huJ30-j--wf-55TNNm0Vmd..-.O.GNYShBjqcIHOWClXrhIGnZuLPVjMxDAtGeBqZSOZAMcadkKEj', '6abFFce3Bb8C2BeE1FDAc4C3dEc6685FB5FfefFEfAB121c930ec7baBb38c2B8E', 'librarian', '0', '0', 'f9059e4c-bbec-4a18-b277-c52c0e0b6212', '2024-03-19 22:31:09', '2024-03-22 13:35:21'),
('Mc_G+v-B+6_@wpJr1w15527d51-Kd0-z.KBlTPSvWgedrww', 'EafcFa0c8ecDdb8Deb487DD11E365F6EecB2dacBf19a2feFfda9eEfDa1Fa8C02', 'reader', '1', '0', 'b1abb257-3b52-4d5e-b1ae-504185d80497', '2024-03-19 22:34:46', '2024-03-29 01:24:56'),
('N__++6%t9_3Z-_4%4.M-28%+%_uVA_Q_t.0dkX__P+-Fe9.-J+@.TEx-67L3.Lie-eA0m5-aum9dH-04J3..gRrbviDJaakcwUatKVeoEknLQaDeEzaKzxyvFaABiCZtghWjHVENlPXPqpSHlqvXiSdjSfRY', 'cD35FB1AaaFAEcff6B16FDfAC23Ee4eBE14502EF7aacDb82Ab426ac7fc2eCE3e', 'admin', '1', '1', 'cf21e224-6793-4be0-bd3f-ef7dcaa38533', '2024-03-19 22:37:14', '2024-03-22 05:24:55'),
('R.8+-1T%_+.%q_.5-.c%%L%+_03Gw.+%h.5HW02%R+._1++A_Bgi%%_6+0_++h_+_7C%+t+3_b+@54o58Zo10c8-0d-17b.ih-rscZ-06a965-l576o.wwkP-856zjX2h2--1a-sj.dqXwlRVETvuWMpypWzMBiefMuHFSJaKaCWRfpwioeDWPODgOEkYTuXqMbTwIRkDgWrlKpLKfGBH', 'AD2AeE8A1A05BD0cFFeBED622BfCDa4BceC2b4ecBC1b6Ecec8ACf4fa1fDEffea', 'reader', '1', '1', 'fe3c523c-ad81-4051-9794-86ee1f6cc9b9', '2024-03-19 22:42:58', '2024-03-24 22:03:23'),
('QGP+C%-%n%_y24+%E_+__y+Y%+._C%.--%7%_05_R_g+.0+v+xv451B_%nf_-Ni+V@Rv9i15wP.0-Hw-bw5.zH2e6-G.cx63-G-S3.9hM-v0...U1h.O7.wkT-q1-DVMHRhB-F.miNwwLvGVhwtBoktdOEQgEygktoiQjYLjkfpDFtQKCPBYqkSvMCBcwnbhDezEkCNhyRwynqCuR', 'bC3Bbb22C4DA37A084d5afA8ecCcCa2A2fec71e4A60C5d0bA1DdDFf9DA9f5CC7', 'reader', '0', '1', '8584cfde-b0ab-44c8-ac8b-fcaeb8264a03', '2024-03-19 22:49:23', '2024-03-20 22:21:04'),
('Z06I+3yH7-%%%.@Z5.s6Z4jT7.JXr-.xC8kMg.84-79E6.3vT.--9ko.-bQ.c83.r-nDpH9J.X-7-qq.PYFtVpgGqCYDHBfsmJqKjxozmRDBhqzQRlorcseiseJbrJxkFpSpQCRYsDapvfvOCQadJAhbItYqfFYYsdWDaozXUXDhHcWROl', '718Ad4deE5a2E1e75d7e6f0cdA7CDaEDCFAbC5E714Ee3B32Ec55fEcEB1ab9fCD', 'reader', '1', '1', '03ebf08c-03a7-49bf-9c8c-e785902fd430', '2024-03-19 22:54:13', '2024-03-24 08:43:37'),
('s__-%9..%+%.O4.+_H0.+cvZ%Aw3._o__MR_%h+_H+_5F+%8bk__.K3.3I%8%-++P++m@.-Wy-90ptkX0d.UBRs-PD-r89j9s.KHNMiEuhvdrfNDeOBVmCQoxxGTPqESKkMKTLthnXTQKoiFMhbSHHnEdSpfMzjPjmIWeGXPd', '018EfBEaFEAF0D1Ae6Ce8cfaCD7afcCDFeFB4DD943de34cCaDDF3cFa10cDADd3', 'admin', '1', '1', '02a6c349-dd99-4d03-8b3b-b3e86986756a', '2024-03-19 22:59:23', '2024-03-25 06:14:56'),
('c__2sp-%+3-%_+7Kb1e8_+%_E++0wSG+R9%m6o-K_+1%B5%-6%K_.o_6_%%@cJJO453Agl.SINJXJGoXyhTCyLzZRpTcgKRuTAZpRmTFGfuLiloSDswjvACUQoqQQfjIxJEQSqiwQSAzOa', '2E88eEa90aBbCBE49cafDdECaD9eEC1CD9EAcBFCE753AD8a05dbfc5eDaCBc245', 'reader', '1', '1', 'e482f116-8039-47c9-91df-1f201c89c1ce', '2024-03-19 23:07:57', '2024-03-24 13:50:44'),
('j%.8%+8.Z%++uW-d+%l_zs%G+_%%j9Q_-@--3WUy.rb66g0.5DhBN.X9.F6OWUlHOX.Bx.YLt-jE.ur58.uVjSHRl88H--e1o-jOH.--SX-9.p9sCA9.n3p8y-.9C2c7454K.jlikpVKOIWksBoeKLPhKpUoLZsMYodn', '8cbBadEE7BA4fDe0F2AbfC89Dc5eECDADF3C33e0EeEb8dBbCC9BD5e7Fa628D75', 'admin', '1', '0', 'f825af41-9429-4a4c-8f7f-5256b00b1a3a', '2024-03-19 23:10:39', '2024-03-25 21:20:01'),
('g%D%2+.N+_C%F%j_+__H7.h-_-Nw1%06S5++%_F%%.+x_wx9K28T%%_%++-s__%%p_g__.Y9Y4.D.+K%_+-+uIodI@..2483.4.pFCrZgDJXAUkfbaDaYGCphxtbHDKHryspMgoSKDiVoGhDnGerWjAkwvVQzfZVtZNeiFSsrqbvCpe', 'd2B4a6cbC42Fff94FFf645cACF7CA6e36BbD21a7Cb3eDeDCC5Efe4bFC0f1BBFC', 'librarian', '1', '0', 'cf0095e9-3304-44fc-8eba-e20d746ece4c', '2024-03-19 23:12:39', '2024-03-21 08:37:09'),
('H-w4+0%_.%+%f.-c..__++%6Su8_+6%+1%-@.4BU.E7H6-S-.OsB.6W5.387n035P.w..-ZipzOSwD.76Dym86RA17a-EE5p-N0.84wTpt0-pFB-I0Z-r51--.wcqVctecErQQslfrMalzDzeLfpoLtqRmUwxSxhDs', '1F6E3d315AbEBaA1Af3537FeDbFEe5abE89eC8BFCe460dC453CfA95eceF4a8EB', 'admin', '1', '0', '5b3a417b-110e-4320-b64a-41b5f7fdb8e5', '2024-03-19 23:15:46', '2024-03-27 21:19:44'),
('g%H.%z_d+A64_++__+%o_%+.%4+%q%._.CEF_._s%q%qx+_b4l%63bq%-%K.%.-+_U++L-z3x..%tf__%7M@r2..F-5-Ec-b.--uWYLv4Ovb-jA.95.8U-zQ-D9Y.VcK-2xQy44.jmtKqjFboYXhogouyuipheJmhHgNEqmx', '43f11A29cBbeFdcfabDFbffa20DADBcddfCbBFaCEbCDFfABebfA598A6D9dafAa', 'reader', '1', '1', 'f7f23d29-efeb-4f07-8035-0d606001c1f0', '2024-03-19 23:17:22', '2024-03-29 16:56:10'),
('L_._%X_r5+X-+%37.q__+83c817-%%.+_+L_+-Di+O.gUVe.%_%+56J__.+.%+%%L-u+%7-_._XC-%5Y0_O++_-q+@..VKy5x6.O2mU.g3p-jZ-3..tYd-53Yj-6Xt.RK9FQ3VEQ-d7R95fx.WKHdPhsGHRsNeTXbkKo', 'FdB5DC11bEDccBcB7fB50DFaBECdB1EA2DF7aAfb95C41aaFde80c3FfDdb4DfEe', 'librarian', '0', '1', '4e33e709-c0a6-4c2c-bd99-82686b36ac40', '2024-03-19 23:19:17', '2024-03-24 15:39:07'),
('qC%45+b9++%__@-WMXN.UJwLLo-kkx.c.v0PbsjYJ0pK1qr.1V.QQ2Y-F65.J--.--f-.g-Y-0.CClnYefQgVSaaSCdAHxHzjItPxPKkUHwkFowbRGiHZXwFaQorwJhplboWetzdkMnbNVuHjQQcHNgldagbQDEHppwsJvKIPMWD', '6EAe3eBfAAAe1379eEADbD0bAbcA316e7A35Afa8aB6D9df5CCaB68e7eC73E5BD', 'admin', '1', '1', 'c239f20a-2903-4c08-8c0e-aaab1ae6d324', '2024-03-19 23:28:59', '2024-03-28 20:32:10'),
('L_4__%7J%+%X5%r@5-7-0-.Jr-bTp5C-30ASHYB-vatS.6Vq1a9.xO-V-O.3DFG.-CP-..B8rO2d.-a98ce4N0nH.vzc', 'aFbdacDacDa3ad3Ac9b9cCAaBbdd3a0EcDAfe5eFfBfF6AD6bDDCDEbbAde711Aa', 'reader', '0', '1', '4d039602-d0af-45c9-95cf-39dc6112d0e5', '2024-03-19 23:31:23', '2024-03-28 16:52:39'),
('p___W++6V%.O.-1ep_N4+_Y-.Z%V_+%6+@-9epRTC..0e23a6O-.K.cgC61-k.-z64o.eu0g---g89Nle.C4il2.fUyGGghztpR', 'Acd86fdBD4b77BEDf6b8ae5FDa4b0122D1E7bBEace338d5D4Bc9d01a8Cf6c89A', 'librarian', '1', '0', '3364169f-6c79-4324-b4ef-e0cbda781675', '2024-03-19 23:32:41', '2024-03-29 16:54:21'),
('i__+73t+__%-+%U_%+_G6.9B_+n%d%9+4VprX.3%%TE+%+h.q@-1.Bq.4d2-m.-3Gowh1Z2-z-r.SBHeMAUWKoSQmzadeBtOToQuMwkOqoEDVqfDHFbxHIxxofFGlSsjfwcplTJiVEFwQHLzvtXfSXywrNqJjDMBeMkcUIWKMM', 'F8EEFCCFaFDae4cFFdAdD9D52F24fc7eE7EbD5fE9cCafC7CB1Ef8FdEdDC9eEdb', 'librarian', '0', '1', 'd23a236e-89dc-474b-9b3e-ee2f545934bd', '2024-03-19 23:34:24', '2024-03-29 05:12:00'),
('D%+_+.x+4E5.3%Q%h3+P%%UBa+-+_Fn50-_%x%o@j.-B009jDiBA89HxX-7y-Hq0Y9r8q33EA-P-WCfIO12mrq81-.G7R.aqGI..-9n-u--2H-Tm6.Xy-e4w4jy0T1L1YE.uz.nJMRooRoGfTAySOZBzwtopxVtwcjmsSCNgQATanVrQnAriQ', 'Db6dfad0DAfE5aA1d7Ff16FbBCeECe5CEdAcD8DEcC5d131acBddBED8aA461CeD', 'admin', '0', '0', 'f015f18a-8743-43c3-921c-ccd654a5629c', '2024-03-19 23:42:20', '2024-03-28 03:56:02'),
('L0.qQ.U+Hyh._-zY_3_+%c%++v-%@-0J-.8.J..v.jPGYrL.j11.w25.L9-4mzZFc6W9l-b.2-FfuO-.-68.D-X-Sb..RR3cH.3.PweLZ-Szi.dD...-Fkd1CgMUBsk.xcwhMnVpCpcUbHdZgJOVobCAJgsHRasxPdChFydoFaVGhEElhNSnXWhjWCHzryBmNpYbtcqnLezVVV', '800Adf2ca620fC7bd7B3Bdd41Ca8addB9cCaD9c5EABa22bAdeeaBa93da5BDdaE', 'admin', '0', '1', 'a4758581-cdb3-45c7-afcf-d69e3e207a39', '2024-03-19 23:47:05', '2024-03-24 19:35:11'),
('N%+B+9+0-J%0p5Plj+c@F8.KhjOCKXkRUQIPWejohLvXtwfGwcAHsjKMLWfqfKWlEayOZHCaBfBJUXEAinZXMFQFyYDbwVunPauKiFhYBSEt', '67fadAAD7a775dda2A28bBaec929dfD6aEBBAC92f11ff3aeed8cB7Fb319AB7C3', 'reader', '1', '0', 'ef0eb5ca-c908-465d-a39d-5a07198496bb', '2024-03-19 23:53:51', '2024-03-20 05:42:27'),
('ZED-%+_+.r6sj4-__-.c%_-%97_+8.c%-WN_j2gvlu-+%q+_+%__%+.@-973rbo4B2dEDN.1YO7-rW.-331-l.U4v4PNDP.a.28dN--xDQ--af8.7vDk-4-.i66-E-MZu65.oLLrzkGhejsOcVyvIDphgLARejfxTlJCHsVpzxeXcuTuwNinMFSXIfTBUCjPCrJAKfIDMTczmVx', 'Aedfdbd9DeC35b3AabE21acC8Fd03A27f13c52C90E8fc168acDadbB55477c2FC', 'reader', '1', '0', 'd7a4111b-ef1a-47c4-bf48-466f529f4d43', '2024-03-20 00:01:32', '2024-03-20 03:13:44'),
('O++-v.%+%++%0+p%._@tr3im-K.RB-XDg-YSWG8N0IN.wryQrZrHyoRrFiYYjpmsywtHHwhODyUnjbncTrhAWXLwVFZLxZdMbWSivGBgiXEVjz', 'eb1Dcac7dC9ae65CabAC70EAC4fC1C7CcbfCBCcFd1d8D8caAf3FBcBb3fA8aedc', 'admin', '1', '1', 'bba81286-3f9e-4348-bfbf-da1b36755486', '2024-03-20 00:04:35', '2024-03-23 09:53:44'),
('EE+%_%4L+_%mS%%R%%%_1h%_-%.+%%-%J_17+__9__l_++C+7%It_.q4+_f_y+-%-3..aNv%%+@fTXsiG-ozIIv8O4Z33Xz-.C7ZB.O44.-9S9-F4BZ-.QnJFRakpJjIYEfrThqVrxfYjlWIvbHmDJkeNpIojiDvniIBByUyTxyeBULHJjLlVUypZE', 'DBCd1bDf6EeE75af1C1a4a4F3eCA12b5fEb5BDacBDEEC2ceec7Bee853beCaaEa', 'reader', '0', '0', '2be62536-deda-4f64-a0a5-134c23572023', '2024-03-20 00:13:16', '2024-03-25 20:06:41'),
('n+_1uC_.%.-_L+_OXxi.M+__6%__-_+_-_%a1%g+y%N_s+_s+f-++i++.+7NLpL2+0_5++my__@1A-j.5R-7bhI.k-p3Y--uOu-F.mU..-iX7IA44T..qp2rL0agi96.STof1v67.7C25g9A-s.-eCc356z--fmwX8.8k-4607.4-.ANLKWxWxoXrcHzGTRCskSWDWpRI', 'c6faC0FfBFf5e0BdaE8173F848BCA0f8A0AB8dDF17ED8CFdFd0aDD6f7B9eBabD', 'librarian', '1', '0', '4b979819-8255-44da-85fd-77e94ef5609e', '2024-03-20 00:17:01', '2024-03-24 12:34:10'),
('FF--%x%e._vP8+rk-_9%51mF3fNJ.-+N.u+0_i%_4TF.-%N7+1b0Y++%_%%SPfA___f1_9_%P.+-1Xx+Z+-ZD_1_A_g.F@--3.8...Sy6hVQ.0T9-Lb.vB3k8V4M.h4C90ylIOuP-beI--5d-PdR.w--y.4P4xq.5QfMu563.3-G3.xV808.RYNWH.ngEOjwyeIppRmKskJFbErejlUMTSAjLOsR', 'cDfaC7DF020CceE7c73BbcfBCe7c79Edc9Aee36efbfDCeeFE778ffDb18D5bEfA', 'librarian', '1', '1', '9bcfa82d-b1ab-410b-8faa-8dcc695863b7', '2024-03-20 00:22:09', '2024-03-28 22:08:31'),
('l+D2L_2.-_m%l3I%@V.K--Y4q500F8-4--.5-n-eUY7u-emJ-G0XVAgeV9.b.1GQgU7Brcg6lFoe.SVbUgbjVoIcRJmlntwCnMvuAtxFOxhEcHdghSZhOzSVVTGtc', 'd0dF84fAa5acb29Fe0CcBD8aaF6bFAcFB7b9b9e3E7B03E3BFfDcf9D9b9dbebFB', 'reader', '0', '1', '872b247d-052b-4de4-81cb-31fab6198f7d', '2024-03-20 00:23:10', '2024-03-23 17:19:03'),
('w.--+s+_.f_%.WH-@yk-5.xTRgD33y2vM0R.rnIbBdzBShBTzJcvbuejWsDOOxyLQhLIqUEZtMjjSkdejwf', 'E36fF20A87CDF0dDFC29B14e9aaCdEAb2094CBDB98Ecaf217d1AEE2cFB9e97A4', 'admin', '1', '1', 'd354e60c-b38c-48b3-9c0f-63e39a59287e', '2024-03-20 00:28:20', '2024-03-25 03:53:13'),
('Bb%_GuKD7_91._.%v%_7Pc.k%%+W.%w%--c_%d2%n+%--%%%_%-%-l%_%M@0j9-.-bZ.J17abppg5C9L.7Kp.54.ftYI.iX.bV7Pde.Go779R--GdfAqUUt8t1KO8tXB.-hh.of.7e-.THdPcyvpUNxfIfcHkCohHfpPVsYoIIxEUQLUqhLESbejljbXNSNagDdMUEnGBlIknJSPFcYe', 'A886CedB6F77a3DcdFEc343b5ffC4DcB25F0AeEaebC321FDeBCDcf49cADaf00B', 'librarian', '0', '0', '08512181-5d2f-43b2-931f-79e8185aa863', '2024-03-20 00:31:56', '2024-03-23 07:50:09'),
('tM_Nb+@qLA5AbM-M..s10-0-5jw-808.R3j.0N.0k2x.BeI.UC..vBzw.q3G4hjY0Iy-37HpP.G-F3b2kn45aGT3.vZXDIoKcnJid', '1C1ddC77528bfDdebeACEc1cCA1eE6feD3a8aeAbbA05d6ed16793dfdc8FfDA63', 'admin', '0', '0', '1a126c74-0695-482d-afe7-41e9e0901048', '2024-03-20 00:35:22', '2024-03-24 13:42:41'),
('S+++++p-Y.G.-%Q_M_5S-%_0+q%6%S+.+lI.VA-+J3l.r_.Z8j%P1%JFd5-B@.w.-.K.Hq86Ej5G--.7.V26oVi.z.93A--3ei3h24Pb-P3.3D.-3hv.ophHnCDHgCiANMiYxFlQgleZesLEugmysPNINEqTChfxGVZroLYXOaGImxAqjmLYwtzHptPZGmeGZxyECaVKFMGqEgBRfi', 'Ed9ECBCdCe88C31dCf2FFb4Ca9eDe6b5e8eeAcCa7E2Dba2aA9Ad89fbAfDebffF', 'librarian', '1', '1', '81588a14-8069-4a1c-b38b-d84b3cd99e09', '2024-03-20 00:44:42', '2024-03-29 22:41:31'),
('V+_+E+-b%Bb__-3_83+%+2fUeG_3+ZYh-J_c0a_+7%v+%FP__F+X.jw%+___+-+_3V.@qb-9B-.QD533OA4mSMZklFx-RN1jJ-J07S2z5j8t1E-t.zDHAQnnaDqGctKrSXyZUnYeDRn', '85EbFf522F4AD2b5fEFcBA97a3eECeef5CedfceaBeDC6De0e3bEdF278abFC8AE', 'admin', '0', '1', 'e152ec1d-0fd0-4d5a-8117-f4a46ea0bc01', '2024-03-20 00:47:31', '2024-03-27 23:04:43'),
('l_+Cc%Q+u+Y++_.%+%..66+_-%q%%__7.rB+0%+S-pbaM_-_-0.._7AO+8++_c-+6%+fibME+%@.9GQP3q--3l8MvH9NL0q0----Vk18mx.OsHb.SrdqiwPkovAgHhTEhC', 'BEffAb37B2bbb2a8Eba1CAEcff4af6FCfDcCe4acFC9fe92fCFdAeaC9Be70A9C6', 'reader', '0', '1', '1b8f9f74-ec3c-49f2-bf99-f54a0c7ebb98', '2024-03-20 00:54:28', '2024-03-28 23:10:10'),
('QD8y7_9_M_-_8+527+.E%+_Q%+5w.tYL5A%+%k%__u0LL_1%_5G_6+05_S++@O.T.2y.Q-.p-q.ms.Hl20--.B5-80b14.V3b1p0v3FH6H.X-8700e3j4b86a.RR---1-.V679wN7.jnFzhUcPxXEtlHnhqQO', 'CEb6cBB8E33E00cFAFD3Abe391ec82E3CFDbFa1a4D2eB5C77BB950e4FDBc8eE6', 'reader', '0', '0', 'e04e6afe-2e84-4005-b3fa-16dd91916c38', '2024-03-20 00:57:07', '2024-03-24 17:55:28'),
('R3%+%7._9_+b+1+++_-H++62+9Kd%+%-+%_+W.v%6vz%K%c%.%.@F....TSe19ahU3.258RXod.--WgDRq-S7k..O3.AtAR.qhpx..5t--5Kh.64r-.ZplDGFaZmz', 'Ca4ffd53C8fdC8dC3Bb2c3bAcA8B9aE63BFfcfA0C5DADd33e29DDfFD1797A8FF', 'librarian', '1', '0', '54e7e0db-2589-4411-9c69-e7f7aeb14219', '2024-03-20 01:05:45', '2024-03-21 07:02:08'),
('W8%+f@r8L1-Y-.1Y-z.4kX.9Ex7.mRjDhNI.S-O9e-9cQ2z8uc-l-Mo2.-3ncCyHg--w--dr1..FDFdkFJyuIpALYjqBEjfLQyEBKUjaeXjtpBtABXCldBtmHLchcbvXLHSY', 'b6C93EdB1DB3CEBF99Ca523FBd1dAc1f94e632ba5EdBDacEeFda232BFb5F5dAB', 'librarian', '0', '1', '49b279e3-684b-42f4-bfaa-69a6c4aad311', '2024-03-20 01:14:20', '2024-03-21 23:15:12'),
('F%-%__.+%_q%EX-C.4_P+%%-_%m_.-_+0_%oH%_u@Xt31...P13uc-4-c-N-6oE0-0-lsa--2lKk3.HuCxAv..-V--rgJ5K76tO.l9PK2y..bX.f.E.qQA-j.nJwZAmVfYdYdCUnxHPJZiDMTDfIiwPWRvXIHmVaBTSaIrqlxhONvUWjNSrdJmPjStLWlCGkJBpgYjQRiHlmpSILOxTABK', 'cdD72EeB55e9cdc3fBEf4eD9A3baF51FB2FeeB6cBD6fFe2fdBec42f140bFEEa3', 'librarian', '1', '0', 'bc530019-654a-4aa2-80de-d6ae1eea9daf', '2024-03-20 01:17:06', '2024-03-23 12:40:39'),
('Bk+_eH8.+_%_C%%a+6m+._Z+T%_-%2Oa++-+-%3+%_%+%V56_+@96L-7qd-mlX-z.a.i.S-.sG.-.7Gtz-.3HI.ux.Y.V..Fp.HC10Uc-g6xQ.pnXh-o33oC-1H6y-6.YnJQgbAjEBxKzaKnhvSupousGgisgWcGYJrPKCZzlTBcrwsGzddiYwczS', 'Ae1d93AcFfD82bb9A3ca4Be7ec4e684CEdfDF2BaBDECFcF560C33DA56D2AdacE', 'admin', '1', '1', 'e9785217-97b1-4cb1-9254-83b79f048875', '2024-03-20 01:24:28', '2024-03-21 22:58:52'),
('C9_C6Q-BN_J%I+%_4z17W@o-de3ZPIgxDG.-6U5n1-R3xf-5NrdI65X-5WMX3.unymqrpdJFsSgqfsVaeAvZMpsYFuvBbM', '823C94bEeee056e8EA1be245d21a9EDEa9cEa5A35cd31564EB7d24c6DdA40ddb', 'librarian', '1', '0', 'b42abeb1-c440-47c9-817d-7edac32cbab3', '2024-03-20 01:29:10', '2024-03-26 04:37:52'),
('h%Z@u870cS2bHOYH1d.KTxxCN.mkzG7s29FtR2K24-V-g5.7P.6wnG.63.tcTgB.8n6i.Xpv-9Bw..y822SckD-Mv98k6V--.XsisdAgFhZXEfHSTQYhRdOnitFRkzDrMjFtwfKahiWvdCachkkrFNBLjVpdDhyyIELMvweBxMAGXofTUeMDH', 'DF0A2fda9ee4dCbCf87ce5A43c7b0bF25A5f5A6e1c00ADe1ddAdE30c9dfaf00B', 'admin', '0', '1', '733edaa6-ce57-4d80-8d97-2125b137821f', '2024-03-20 01:34:04', '2024-03-20 17:50:23'),
('S%GA.5++m%___8g0%_+_+QrjZ._+%7%_@gIJG.B54I-h.pd2v-h..EneOWYxhocCbXxUIzydnZLnmUKEqbxsSOdKwjcgkyxwkPsV', 'B3A6443AfAeabDdd24CDaBB1EbEAE3EF6fd3dF3AcaFEe8faCedBAD1b8EccdFaa', 'reader', '1', '0', 'f273b0f0-61e3-4c89-b476-e79c2f904dec', '2024-03-20 01:39:11', '2024-03-27 16:14:40'),
('c_g%7-56n%zeC_eGCk6NHE_19.+9_Is0o8+cf%l_+%+54+dj_E741--_y_._++.y+%eb7J%V_++ygd%0++1+%Y@0soyRX.m6..-J.y-yos6Q-p.-2gQuvjn2o.9-Z.-9.ty1fo9-hufKGgzK-2a5w5-9Z.-8aF2r.xTbfAhTmgZlzX', 'BEB0b5FaDf1D6cCdb1fb174FFB8FF7CaCB9FA6Bc9cCAFFAA1DAa1DF30E6B5B59', 'admin', '1', '1', '4ac6f57f-d405-4869-9584-4fbe2b088237', '2024-03-20 01:44:39', '2024-03-24 13:19:36'),
('m%e_.78.O+h%-v.+%i_lwa%--F%k.2_Q+_-x_%@.9-S-5WRcFQ--.j3P-82Fp1BcZ.W-.7ZUh-Zfixg5B476iHDls-11rc-.s3j5l.gJG-v1F6JPf-XS66-i.Q.8Y.jpd0I.dsYHNBEXkOEMLklJBMkDLQjuCDykYX', '3C232bFEdc2Bcc7b0eEABD5fAfDaB6afaabdbCa0cFdC8E44a0EF9EA16A53AE7b', 'admin', '0', '0', '9060e79c-ec95-46cd-87a4-9f9a96c04ca9', '2024-03-20 01:51:46', '2024-03-27 22:44:35'),
('ka+Ij.3.-M4kCP14_..%_%_1+..Z+L%-@06-.VE.VSH-66-83xUV.1w4ARb.xPo9m--820UZP4R7-szG-OFj-ui.m6--mjeB.-137.-.wvrPbFEjMnoyoJJtoHurEATENfOmhe', '3eCCfe1A5a296FA50DEF6beDB77Ac8924fbdBf723BDCeD9Ad9eedFBcCF4a3c70', 'admin', '0', '0', '22dd65da-0b44-4fa9-b0ac-8084bf373a87', '2024-03-20 01:57:33', '2024-03-25 23:58:09'),
('y+5%6-%+_+_%Mm%r++8e_C9v-%f_3__.69%%__%%+0p52nG4_3.c_+yf-91++%_H%_.8EyS%%i_z5m%_+2.0m_%0+%Y+u+_3%@s8-U4gN53h4js89a-K.TvyiWDKaxbDgiWFgXAkXUAcVxliBMaWiioRSADfMYyssAjlrIdOfHRFlsxuOytnsoVkJwqlEnJePGbdo', 'FE526CD9eaa2aeFfeE3a41ff1bBAF1EDBDf11dFe11d44EDCAdEd1e4a6FC2cFd3', 'librarian', '0', '1', 'a05cb6be-c28e-4a95-96d0-c321ea3042c9', '2024-03-20 02:05:37', '2024-03-28 06:01:06'),
('zh_._FMjFD%%%c_-+++85v__NZK%_no-z._+%JR%51%B0q7l%-K%b%._IB_-Ir%8+HQ-%__oq%%Ux-%%xP2+@i1giPN3--e7yz4e-l4..Q.v3-11YPn.N7Lwh-wP4z.89j.ZX61J-.-60-DF58E.DIkAgCIpQxoKiyrDLpiuPCEYrXCMXdUWR', 'f6330d02dA3aCfd1CbEfFDfa2cD3e2fdeEAFBb5FeCDdde6daFDfFCFAADEB5bCA', 'reader', '1', '1', '210ef50d-3b93-469a-8119-ce6528be9726', '2024-03-20 02:06:49', '2024-03-28 06:46:10'),
('q%D-u_A.-_+@-pMW1XO-mG.pMcjFUsPVxXypmsoyMnwhVCaQKfONDGUzJgqLMDeCPoBMRjXlvfdUJDXEjEmWQcAlJOcRGdlBBmQxZElATblKfOLZJgLInTFL', '85DBeAfD9bC65F244f9f630FcAdD7F3fCEf91beBC0863aECCc9bA9F92F92130f', 'reader', '1', '1', '90957c5b-3e2a-4cb2-a573-32c7b7b12563', '2024-03-20 02:08:56', '2024-03-21 21:53:45'),
('mE++%-%-%W_++S7_++%+-d2__.+R%+4l_+.o%%_g%+__8T6_Cr_Tc.2--%%%+t+_%+.hV-%6eZ_h_1_P62._+%6.@-.pNU..Z-.P0tF7GtPlv2esF-3LS15-CgFt9.5.7w..3Z7mg-G.-0I..L3-ej-NjL-V0T41.--Z6A74V.L-M3.lSFoWzAPqLiABjAGxaWDxpjSoPoBKOTFoDnBzwyQoRhcVsqmhcVfuQIBAvLHvUbaKNFPoDyNgKejPgcPBFC', 'eB0BBdBcfaA2cf8010D5DedcdC5E6cCfaAF6Bb1ACE3aDb4e82fCd7b06Fd39Eb7', 'librarian', '1', '1', 'f47fd7e8-aa0f-4de5-b800-003f3873a7b7', '2024-03-20 02:10:30', '2024-03-24 19:25:00'),
('s-Uh+6+WUS+-2%.osf+d_an2q+I3%b+M_%m%ke%+.w4%8%8%%+%-_XFz-8+%_+-q-%D%Y_.q02H--_J5evk+%%_uj+_+%@6nM-m5.0N44--.C8--.BIgFFMIPyUoELdniymQsfkCyaFyFOnMvssxeVZoejeRrBcaGuNHDCbEYOMAZYdPuethVO', '9DCCD7bdCcfaAb3fEfB7b637eaE0dfACfcF9bABD46b2CECe8FABE1aaAa8F6FFE', 'admin', '0', '1', 'ed8bbd4b-cf9b-4da9-a282-1c6566d2cba1', '2024-03-20 02:16:35', '2024-03-27 19:36:01'),
('QSG-rb0%I9_V%+_-+_+q_8+8z+_+@dHP-4JS.dsE7K0047.-OCK-..y-n.rtP.-Zw.R.3-WW0p-.2-Y.2WIGWY69C79.Tbd..o-8b-b41ur23uBJY-fU.2u-B-3O..eJqeHtRyAntENPcYQtGGXsXyOqMujBNuyyuyM', 'A85AabeA8EfdEaBeEC1bdd8ceaBCaDaDBDE3cc3FAe4Ea28fE2CeA4035aef0FAd', 'reader', '0', '1', '27434347-bce0-4721-a999-36cdc1576caf', '2024-03-20 02:18:02', '2024-03-24 06:53:34'),
('Y%%%_e%2._O_Dl648_jw%+_+6%uuv.-.Q+X-s+@70D.2P..oyfVwSBsKxiZKRishGQJbGoPgsYQaZnKJgBFbhhfpNzisRiFVyJPJmcXxSUZqpykXOf', '9182ddEe1cb4a21471FAd5BBcEFCd5942fa5BCaDAD4e6DE8C12Cf2057dFAEaBe', 'admin', '1', '0', 'b08bb138-d5e9-4872-a8fc-5061273ef627', '2024-03-20 02:21:28', '2024-03-26 01:44:25'),
('H+.__t%+A++U.___%c0k_-we-%_98+9.0T+YU47T+-T9.5@X7m.1G.ksaaaLLegwLTYMRiAXywCtCjwLRzKDcny', '5E6e07Cf4A6F9Fe08eA204b5CCcFaDbEb8BDce59dD1cf166FB6DF53C4dD756fa', 'admin', '0', '1', '407924b0-5a6d-4304-84e2-c689f91376eb', '2024-03-20 02:29:09', '2024-03-23 23:12:46'),
('Vkx%._++99-.7@Zsb-o-i0.-VJx0-K.9a8zY4.h7x.12.x--Y12oMeg-Pg9RUK-p-.O80wE3.3.PGoghBINwPPDqhpEodTKxWnoGCQorJDrrPWAYcpDEDN', 'ac7BfaAfF0d8eD8C15CbC118DA3e4aD0aFbD9Be96cD3CebfeBf0DBa6623cCB54', 'admin', '1', '0', '99e1a736-9c34-4d1b-b56e-74fb6df14cd0', '2024-03-20 02:38:32', '2024-03-25 20:57:44');


SET session_replication_role = 'origin';
